BIWI,20180320-1355,Chizele,-76,Nchezie,-51,Mzingo,-80,Kalulu,-91
BIWI,20180320-1400,Chizele,-75,Nchezie,-52,Mzingo,-80,Kalulu,-91
BIWI,20180320-1500,Chizele,-80,Nchezie,-51,Kalulu,-93,Mzingo,-81
BIWI,20180320-1601,Chizele,-79,Nchezie,-51,Kalulu,-92,Mzingo,-80
BIWI,20180320-1701,Chizele,-76,Nchezie,-52,Kalulu,-92,Mzingo,-80
BIWI,20180320-1800,Chizele,-75,Nchezie,-50,Mzingo,-79,Kalulu,-92
BIWI,20180320-1900,Chizele,-75,Nchezie,-52,Mzingo,-80
BIWI,20180320-2001,Chizele,-76,Nchezie,-52,Mzingo,-80,Kalulu,-92
BIWI,20180320-2100,Chizele,-75,Nchezie,-50,Mzingo,-78,Kalulu,-91
BIWI,20180320-2201,Chizele,-76,Nchezie,-51,Mzingo,-80,Kalulu,-91
BIWI,20180320-2300,Chizele,-74,Nchezie,-50,Mzingo,-81,Kalulu,-93
BIWI,20180321-0000,Chizele,-75,Nchezie,-51,Mzingo,-81,Kalulu,-94
BIWI,20180321-0601,Nchezie,-51,Chizele,-77,Mzingo,-80
BIWI,20180324-0900,Chizele,-75,Nchezie,-50,Mzingo,-81,Kalulu,-90
BIWI,20180324-1000,Chizele,-76,Nchezie,-51,Mzingo,-80
BIWI,20180324-1100,Chizele,-79,Nchezie,-52,Mzingo,-81
BIWI,20180324-1200,Chizele,-77,Nchezie,-50,Mzingo,-80,Kalulu,-91
BIWI,20180324-1300,Chizele,-78,Nchezie,-50,Mzingo,-80,Kalulu,-90
BIWI,20180324-1400,Chizele,-79,Nchezie,-51,Mzingo,-81
BIWI,20180324-1500,Chizele,-79,Nchezie,-52,Mzingo,-80,Kalulu,-94
BIWI,20180324-1600,Chizele,-78,Nchezie,-52,Mzingo,-81,Kalulu,-93
BIWI,20180324-1701,Chizele,-75,Nchezie,-51,Mzingo,-79,Kalulu,-92
BIWI,20180324-1800,Chizele,-79,Nchezie,-51,Mzingo,-80
BIWI,20180324-1901,Chizele,-79,Nchezie,-51,Mzingo,-80
BIWI,20180324-2000,Chizele,-80,Nchezie,-52,Mzingo,-81
BIWI,20180324-2102,Chizele,-78,Nchezie,-50,Mzingo,-80
BIWI,20180324-2201,Chizele,-78,Nchezie,-52,Mzingo,-80
BIWI,20180324-2301,Chizele,-78,Nchezie,-51,Mzingo,-80
BIWI,20180325-0000,Chizele,-78,Nchezie,-51,Mzingo,-79
BIWI,20180325-0100,Chizele,-77,Nchezie,-51,Mzingo,-80
BIWI,20180325-0200,Chizele,-77,Nchezie,-52,Mzingo,-80
BIWI,20180325-0300,Chizele,-77,Nchezie,-51,Mzingo,-81
BIWI,20180325-0400,Chizele,-77,Nchezie,-51,Mzingo,-80
BIWI,20180325-0500,Chizele,-77,Nchezie,-52,Mzingo,-81
BIWI,20180325-0601,Chizele,-79,Nchezie,-52,Mzingo,-82
BIWI,20180325-0701,Chizele,-75,Nchezie,-51,Mzingo,-81
BIWI,20180325-0801,Chizele,-77,Nchezie,-52,Mzingo,-80,Kalulu,-93
BIWI,20180325-0901,Chizele,-77,Nchezie,-51,Mzingo,-79
BIWI,20180325-1001,Chizele,-77,Nchezie,-52,Mzingo,-79
BIWI,20180325-1100,Nchezie,-50,Mzingo,-80,Chizele,-76,Kalulu,-93
BIWI,20180325-1201,Nchezie,-52,Mzingo,-81,Chizele,-78
BIWI,20180325-1300,Nchezie,-51,Mzingo,-81,Chizele,-78
BIWI,20180325-1401,Nchezie,-51,Mzingo,-80,Chizele,-76
BIWI,20180325-1501,Nchezie,-52,Mzingo,-79,Chizele,-80
BIWI,20180325-1600,Nchezie,-51,Chizele,-76,Mzingo,-79
BIWI,20180325-1701,Nchezie,-51,Chizele,-78,Mzingo,-79,Kalulu,-92
BIWI,20180325-1801,Nchezie,-50,Chizele,-76,Mzingo,-80
BIWI,20180325-1901,Nchezie,-51,Chizele,-77,Mzingo,-80
BIWI,20180325-2001,Nchezie,-51,Chizele,-74,Mzingo,-79
BIWI,20180325-2101,Nchezie,-51,Chizele,-77,Mzingo,-80
BIWI,20180325-2200,Nchezie,-50,Chizele,-75,Mzingo,-80
BIWI,20180325-2301,Nchezie,-51,Chizele,-77,Mzingo,-80
BIWI,20180326-0001,Nchezie,-52,Chizele,-78,Mzingo,-79
BIWI,20180326-0101,Nchezie,-51,Chizele,-79,Mzingo,-81
BIWI,20180326-0200,Nchezie,-53,Chizele,-78,Mzingo,-81
BIWI,20180326-0301,Nchezie,-51,Chizele,-78,Mzingo,-81
BIWI,20180326-0401,Nchezie,-52,Chizele,-78,Mzingo,-82
BIWI,20180326-0501,Nchezie,-51,Chizele,-78,Mzingo,-80
BIWI,20180326-0601,Nchezie,-51,Chizele,-79,Mzingo,-82
BIWI,20180326-0701,Nchezie,-51,Chizele,-76,Mzingo,-81
BIWI,20180326-0801,Nchezie,-50,Chizele,-76,Mzingo,-80
BIWI,20180326-0901,Nchezie,-51,Chizele,-77,Mzingo,-79,Kalulu,-91
BIWI,20180326-1001,Nchezie,-51,Chizele,-75,Mzingo,-81
BIWI,20180326-1101,Nchezie,-50,Chizele,-78,Mzingo,-79,Kalulu,-93
BIWI,20180326-1200,Nchezie,-51,Chizele,-76,Mzingo,-81
BIWI,20180326-1301,Nchezie,-52,Chizele,-75,Mzingo,-80,Kalulu,-92
BIWI,20180326-1401,Nchezie,-52,Chizele,-78,Mzingo,-80
BIWI,20180326-1501,Nchezie,-49,Chizele,-75,Mzingo,-77
BIWI,20180326-1600,Nchezie,-50,Chizele,-75,Mzingo,-79,Kalulu,-91
BIWI,20180326-1700,Nchezie,-51,Chizele,-77,Mzingo,-80
BIWI,20180326-1800,Nchezie,-52,Chizele,-78,Mzingo,-80
BIWI,20180326-1901,Nchezie,-52,Chizele,-77,Mzingo,-82,Kalulu,-94
BIWI,20180326-2001,Nchezie,-50,Chizele,-76,Mzingo,-79
BIWI,20180326-2100,Nchezie,-50,Mzingo,-79,Chizele,-75
BIWI,20180326-2201,Nchezie,-52,Mzingo,-81,Chizele,-77
BIWI,20180326-2300,Nchezie,-52,Mzingo,-80,Chizele,-78
BIWI,20180327-0000,Nchezie,-53,Mzingo,-81,Chizele,-79
BIWI,20180327-0100,Nchezie,-51,Chizele,-78,Mzingo,-80
BIWI,20180327-0201,Nchezie,-51,Chizele,-78,Mzingo,-80
BIWI,20180327-0400,Nchezie,-51,Mzingo,-82,Chizele,-79
BIWI,20180327-0500,Nchezie,-50,Mzingo,-79,Chizele,-78
BIWI,20180327-0600,Nchezie,-52,Mzingo,-81,Chizele,-78
BIWI,20180327-0700,Nchezie,-51,Mzingo,-81,Chizele,-80
BIWI,20180327-0801,Nchezie,-50,Mzingo,-81,Chizele,-77
BIWI,20180327-0900,Nchezie,-51,Mzingo,-81,Chizele,-78,Kalulu,-92
BIWI,20180327-1000,Nchezie,-51,Mzingo,-81,Chizele,-76
BIWI,20180327-1100,Nchezie,-51,Mzingo,-82,Chizele,-77,Kalulu,-94
BIWI,20180327-1201,Nchezie,-52,Mzingo,-80,Chizele,-76,Kalulu,-93
BIWI,20180327-1301,Nchezie,-50,Mzingo,-80,Chizele,-75
BIWI,20180327-1401,Nchezie,-50,Chizele,-76,Mzingo,-80,Kalulu,-91
BIWI,20180327-1502,Nchezie,-49,Chizele,-78,Mzingo,-79
BIWI,20180327-1601,Nchezie,-50,Chizele,-75,Mzingo,-79
BIWI,20180327-1701,Nchezie,-49,Chizele,-75,Mzingo,-79,Kalulu,-91
BIWI,20180327-1800,Nchezie,-51,Chizele,-76,Mzingo,-81
BIWI,20180327-1900,Nchezie,-51,Chizele,-75,Mzingo,-79
BIWI,20180327-2000,Nchezie,-51,Chizele,-74,Mzingo,-80
BIWI,20180327-2100,Nchezie,-52,Chizele,-77,Mzingo,-81
BIWI,20180327-2201,Nchezie,-52,Chizele,-77,Mzingo,-80
BIWI,20180327-2300,Nchezie,-52,Mzingo,-81,Chizele,-75
BIWI,20180328-0000,Nchezie,-51,Chizele,-78,Mzingo,-79
BIWI,20180328-0101,Nchezie,-49,Chizele,-75,Mzingo,-79
BIWI,20180328-0201,Nchezie,-50,Chizele,-76,Mzingo,-79
BIWI,20180328-0300,Nchezie,-51,Chizele,-77,Mzingo,-80
BIWI,20180328-0401,Nchezie,-49,Chizele,-77,Mzingo,-80
BIWI,20180328-0501,Nchezie,-52,Chizele,-80,Mzingo,-81
BIWI,20180328-0601,Nchezie,-51,Chizele,-79,Mzingo,-82
BIWI,20180328-0701,Nchezie,-52,Chizele,-79,Mzingo,-81
BIWI,20180328-0800,Nchezie,-52,Chizele,-76,Mzingo,-81,Kalulu,-92
BIWI,20180328-0900,Nchezie,-49,Chizele,-78,Mzingo,-79,Kalulu,-93
BIWI,20180328-1000,Nchezie,-51,Chizele,-78,Mzingo,-79
BIWI,20180328-1101,Nchezie,-51,Chizele,-74,Mzingo,-79,Kalulu,-91
BIWI,20180328-1200,Nchezie,-52,Chizele,-79,Mzingo,-81
BIWI,20180328-1301,Nchezie,-52,Chizele,-79,Mzingo,-82,Kalulu,-94
BIWI,20180328-1401,Nchezie,-51,Chizele,-76,Mzingo,-79
BIWI,20180328-1500,Nchezie,-50,Chizele,-76,Mzingo,-79,Kalulu,-92
BIWI,20180328-1600,Nchezie,-51,Chizele,-79,Mzingo,-80,Kalulu,-93
BIWI,20180328-1700,Nchezie,-51,Chizele,-79,Mzingo,-81
BIWI,20180328-1800,Nchezie,-52,Chizele,-78,Mzingo,-81,Kalulu,-93
BIWI,20180328-1900,Nchezie,-51,Chizele,-75,Mzingo,-80
BIWI,20180328-2001,Nchezie,-49,Chizele,-76,Mzingo,-79
BIWI,20180328-2100,Nchezie,-52,Chizele,-76,Mzingo,-81
BIWI,20180328-2200,Nchezie,-51,Chizele,-76,Mzingo,-80
BIWI,20180328-2301,Nchezie,-51,Chizele,-75,Mzingo,-79
BIWI,20180329-0001,Nchezie,-50,Chizele,-76,Mzingo,-79
BIWI,20180329-0101,Nchezie,-52,Chizele,-78,Mzingo,-81
BIWI,20180329-0200,Nchezie,-50,Chizele,-75,Mzingo,-79
BIWI,20180329-0301,Nchezie,-50,Chizele,-77,Mzingo,-81
BIWI,20180329-0400,Nchezie,-50,Chizele,-81,Mzingo,-81
BIWI,20180329-0500,Nchezie,-49,Chizele,-79,Mzingo,-81
BIWI,20180329-0600,Nchezie,-51,Chizele,-78,Mzingo,-81
BIWI,20180329-0701,Nchezie,-50,Chizele,-77,Mzingo,-80
BIWI,20180329-0801,Nchezie,-51,Chizele,-78,Mzingo,-80
BIWI,20180329-0901,Nchezie,-51,Chizele,-76,Mzingo,-80,Kalulu,-92
BIWI,20180329-1000,Nchezie,-51,Chizele,-76,Mzingo,-81
BIWI,20180329-1101,Nchezie,-51,Chizele,-73,Mzingo,-80,Kalulu,-93
BIWI,20180329-1201,Nchezie,-51,Chizele,-75,Mzingo,-79,Kalulu,-92
BIWI,20180329-1301,Nchezie,-51,Chizele,-75,Mzingo,-81,Kalulu,-92
BIWI,20180329-1401,Nchezie,-51,Chizele,-75,Mzingo,-79,Kalulu,-91
BIWI,20180329-1501,Nchezie,-50,Chizele,-76,Mzingo,-80,Kalulu,-92
BIWI,20180329-1600,Nchezie,-52,Chizele,-75,Mzingo,-79
BIWI,20180329-1701,Nchezie,-49,Chizele,-76,Mzingo,-79
BIWI,20180329-1801,Nchezie,-52,Chizele,-76,Mzingo,-79
BIWI,20180329-1901,Nchezie,-51,Chizele,-76,Mzingo,-81
BIWI,20180329-2001,Nchezie,-51,Chizele,-75,Mzingo,-79
BIWI,20180329-2101,Nchezie,-51,Chizele,-77,Mzingo,-79
BIWI,20180329-2201,Nchezie,-51,Chizele,-78,Mzingo,-79
BIWI,20180329-2300,Nchezie,-50,Chizele,-78,Mzingo,-79
BIWI,20180330-0001,Nchezie,-50,Chizele,-79,Mzingo,-80
BIWI,20180330-0100,Nchezie,-50,Chizele,-81,Mzingo,-79
BIWI,20180330-0201,Nchezie,-50,Chizele,-80,Mzingo,-80
BIWI,20180330-0300,Nchezie,-50,Chizele,-79,Mzingo,-80
BIWI,20180330-0400,Nchezie,-50,Chizele,-80,Mzingo,-81
BIWI,20180330-0501,Nchezie,-50,Chizele,-79,Mzingo,-81
BIWI,20180330-0600,Nchezie,-50,Mzingo,-81,Chizele,-81
BIWI,20180330-0701,Nchezie,-52,Chizele,-77,Mzingo,-80,Kalulu,-93
BIWI,20180330-0801,Nchezie,-51,Chizele,-75,Mzingo,-80,Kalulu,-92
BIWI,20180330-0901,Nchezie,-50,Chizele,-78,Mzingo,-79,Kalulu,-92
BIWI,20180330-1000,Nchezie,-52,Chizele,-74,Mzingo,-81,Kalulu,-91
BIWI,20180330-1101,Nchezie,-51,Chizele,-78,Mzingo,-81,Kalulu,-92
BIWI,20180330-1200,Nchezie,-50,Chizele,-74,Mzingo,-80,Kalulu,-92
BIWI,20180330-1300,Nchezie,-50,Chizele,-73,Mzingo,-80
BIWI,20180330-1400,Nchezie,-51,Chizele,-78,Mzingo,-80,Kalulu,-92
BIWI,20180330-1500,Nchezie,-51,Chizele,-78,Mzingo,-80,Kalulu,-93
BIWI,20180330-1601,Nchezie,-51,Chizele,-76,Mzingo,-81
BIWI,20180330-1701,Nchezie,-51,Chizele,-76,Mzingo,-79,Kalulu,-93
BIWI,20180330-1801,Nchezie,-51,Chizele,-78,Mzingo,-81
BIWI,20180330-1901,Nchezie,-52,Chizele,-77,Mzingo,-81,Kalulu,-93
BIWI,20180330-2000,Nchezie,-50,Chizele,-75,Mzingo,-79,Kalulu,-91
BIWI,20180330-2101,Nchezie,-52,Chizele,-78,Mzingo,-81,Kalulu,-93
BIWI,20180330-2200,Nchezie,-51,Chizele,-77,Mzingo,-80,Kalulu,-93
BIWI,20180330-2300,Nchezie,-51,Chizele,-78,Mzingo,-79,Kalulu,-93
BIWI,20180331-0001,Nchezie,-51,Chizele,-78,Mzingo,-81
BIWI,20180331-0102,Nchezie,-52,Chizele,-78,Mzingo,-82
BIWI,20180331-0201,Nchezie,-51,Chizele,-79,Mzingo,-83
BIWI,20180331-0300,Nchezie,-51,Chizele,-78,Mzingo,-81
BIWI,20180331-0400,Nchezie,-51,Chizele,-78,Mzingo,-82
BIWI,20180331-0500,Nchezie,-50,Chizele,-76,Mzingo,-81
BIWI,20180331-0601,Nchezie,-51,Chizele,-78,Mzingo,-82
BIWI,20180331-0701,Nchezie,-51,Chizele,-75,Mzingo,-81
BIWI,20180331-0801,Nchezie,-52,Chizele,-76,Mzingo,-81
BIWI,20180331-0900,Nchezie,-51,Chizele,-76,Mzingo,-82
BIWI,20180331-1001,Nchezie,-51,Chizele,-76,Mzingo,-80,Kalulu,-91
BIWI,20180331-1101,Nchezie,-52,Chizele,-77,Mzingo,-81,Kalulu,-93
BIWI,20180331-1200,Nchezie,-51,Chizele,-75,Mzingo,-81,Kalulu,-94
BIWI,20180331-1300,Nchezie,-51,Chizele,-75,Mzingo,-80,Kalulu,-92
BIWI,20180331-1401,Nchezie,-52,Chizele,-78,Mzingo,-80
BIWI,20180331-1500,Nchezie,-50,Chizele,-75,Mzingo,-79,Kalulu,-92
BIWI,20180331-1600,Nchezie,-51,Chizele,-77,Mzingo,-80,Kalulu,-94
BIWI,20180331-1700,Nchezie,-52,Chizele,-76,Mzingo,-80,Kalulu,-92
BIWI,20180331-1800,Nchezie,-51,Chizele,-75,Mzingo,-79,Kalulu,-92
BIWI,20180331-1900,Nchezie,-51,Chizele,-74,Mzingo,-79
BIWI,20180331-2000,Nchezie,-51,Chizele,-73,Mzingo,-79
BIWI,20180331-2101,Nchezie,-51,Chizele,-74,Mzingo,-79
BIWI,20180331-2200,Nchezie,-52,Chizele,-75,Mzingo,-81
BIWI,20180331-2302,Nchezie,-52,Chizele,-75,Mzingo,-81
BIWI,20180401-0002,Nchezie,-51,Chizele,-76,Mzingo,-80
BIWI,20180401-0100,Nchezie,-51,Chizele,-75,Mzingo,-80
BIWI,20180401-0200,Nchezie,-52,Chizele,-77,Mzingo,-80
BIWI,20180401-0301,Nchezie,-51,Chizele,-76,Mzingo,-80
BIWI,20180401-0401,Nchezie,-50,Chizele,-75,Mzingo,-79
BIWI,20180401-0500,Nchezie,-52,Chizele,-75,Mzingo,-79
BIWI,20180401-0602,Nchezie,-52,Chizele,-75,Mzingo,-80
BIWI,20180401-0701,Nchezie,-51,Chizele,-75,Mzingo,-81
BIWI,20180401-0800,Nchezie,-52,Chizele,-74,Mzingo,-79,Kalulu,-93
BIWI,20180401-0901,Nchezie,-52,Chizele,-76,Mzingo,-80,Kalulu,-92
BIWI,20180401-1000,Nchezie,-50,Chizele,-72,Mzingo,-80,Kalulu,-92
BIWI,20180401-1900,Nchezie,-50,Chizele,-76,Mzingo,-80,Kalulu,-92
BIWI,20180401-2000,Nchezie,-51,Chizele,-75,Mzingo,-81,Kalulu,-92
BIWI,20180401-2100,Nchezie,-51,Chizele,-75,Mzingo,-80,Kalulu,-93
BIWI,20180401-2200,Nchezie,-52,Chizele,-77,Mzingo,-80,Kalulu,-92
BIWI,20180401-2301,Nchezie,-52,Chizele,-77,Mzingo,-81,Kalulu,-92
BIWI,20180402-0000,Nchezie,-51,Chizele,-80,Mzingo,-80
BIWI,20180402-0100,Nchezie,-52,Chizele,-76,Mzingo,-80
BIWI,20180402-0200,Nchezie,-49,Chizele,-75,Mzingo,-79
BIWI,20180402-0300,Nchezie,-51,Chizele,-76,Mzingo,-79
BIWI,20180402-0400,Nchezie,-51,Chizele,-75,Mzingo,-79
BIWI,20180402-0500,Nchezie,-51,Chizele,-76,Mzingo,-80
BIWI,20180402-0600,Nchezie,-50,Mzingo,-79,Chizele,-76
BIWI,20180402-0702,Nchezie,-52,Mzingo,-81,Chizele,-75
BIWI,20180402-0800,Nchezie,-51,Mzingo,-81,Chizele,-77
BIWI,20180402-0901,Nchezie,-51,Mzingo,-79,Chizele,-75,Kalulu,-92
BIWI,20180402-1001,Nchezie,-51,Mzingo,-80,Chizele,-74
BIWI,20180402-1100,Nchezie,-52,Mzingo,-81,Chizele,-75,Kalulu,-94
BIWI,20180402-1200,Nchezie,-52,Chizele,-76,Mzingo,-80,Kalulu,-93
BIWI,20180402-1301,Nchezie,-52,Chizele,-76,Mzingo,-81,Kalulu,-92
BIWI,20180402-1400,Nchezie,-51,Chizele,-75,Mzingo,-80,Kalulu,-91
BIWI,20180402-1501,Nchezie,-52,Chizele,-74,Mzingo,-79,Kalulu,-94
BIWI,20180402-1600,Nchezie,-50,Chizele,-76,Mzingo,-79,Kalulu,-93
BIWI,20180402-1701,Nchezie,-49,Chizele,-75,Mzingo,-80
BIWI,20180402-1801,Nchezie,-50,Chizele,-75,Mzingo,-79
BIWI,20180402-1900,Nchezie,-52,Chizele,-76,Mzingo,-82
BIWI,20180402-2000,Nchezie,-51,Chizele,-76,Mzingo,-79,Kalulu,-92
BIWI,20180402-2101,Nchezie,-51,Chizele,-77,Mzingo,-79,Kalulu,-91
BIWI,20180402-2200,Nchezie,-51,Chizele,-78,Mzingo,-81,Kalulu,-92
BIWI,20180402-2301,Nchezie,-51,Chizele,-79,Mzingo,-80,Kalulu,-93
BIWI,20180403-0001,Nchezie,-52,Chizele,-77,Mzingo,-81
BIWI,20180403-0101,Nchezie,-51,Chizele,-76,Mzingo,-80
BIWI,20180403-0202,Nchezie,-50,Chizele,-73,Mzingo,-79,Kalulu,-90
BIWI,20180403-0301,Nchezie,-52,Chizele,-75,Mzingo,-79,Kalulu,-93
BIWI,20180403-0400,Nchezie,-51,Chizele,-75,Mzingo,-79,Kalulu,-91
BIWI,20180403-0500,Nchezie,-49,Mzingo,-78,Chizele,-75,Kalulu,-91
BIWI,20180403-0600,Nchezie,-50,Mzingo,-80,Chizele,-76,Kalulu,-91
BIWI,20180403-0700,Nchezie,-49,Mzingo,-79,Chizele,-75
BIWI,20180403-0801,Nchezie,-51,Mzingo,-81,Chizele,-76
BIWI,20180403-0900,Nchezie,-51,Mzingo,-80,Chizele,-76,Kalulu,-91
BIWI,20180403-1001,Nchezie,-51,Mzingo,-79,Chizele,-77,Kalulu,-92
BIWI,20180403-1100,Nchezie,-51,Mzingo,-79,Chizele,-78,Kalulu,-93
BIWI,20180403-1201,Nchezie,-49,Mzingo,-81,Chizele,-77,Kalulu,-91
BIWI,20180403-1300,Nchezie,-52,Mzingo,-82,Chizele,-79,Kalulu,-93
BIWI,20180403-1401,Nchezie,-52,Mzingo,-80,Chizele,-78
BIWI,20180403-1501,Nchezie,-51,Chizele,-74,Mzingo,-79,Kalulu,-93
BIWI,20180403-1601,Nchezie,-49,Chizele,-77,Mzingo,-78
BIWI,20180403-1701,Nchezie,-50,Chizele,-74,Mzingo,-79,Kalulu,-91
BIWI,20180403-1801,Nchezie,-52,Chizele,-78,Mzingo,-81,Kalulu,-92
BIWI,20180403-1900,Nchezie,-50,Chizele,-74,Mzingo,-79,Kalulu,-92
BIWI,20180403-2001,Nchezie,-50,Chizele,-77,Mzingo,-80,Kalulu,-92
BIWI,20180403-2101,Nchezie,-50,Chizele,-75,Mzingo,-79
BIWI,20180403-2200,Nchezie,-51,Chizele,-76,Mzingo,-80
BIWI,20180403-2301,Nchezie,-51,Chizele,-79,Mzingo,-81
BIWI,20180404-0002,Nchezie,-50,Chizele,-78,Mzingo,-80
BIWI,20180404-0101,Nchezie,-50,Chizele,-76,Mzingo,-80,Kalulu,-93
BIWI,20180404-0201,Nchezie,-52,Chizele,-79,Mzingo,-82
BIWI,20180404-0801,Nchezie,-52,Mzingo,-81,Chizele,-78,Kalulu,-92
BIWI,20180404-0901,Nchezie,-50,Mzingo,-78,Chizele,-73,Kalulu,-91
BIWI,20180404-1000,Nchezie,-51,Mzingo,-80,Chizele,-75,Kalulu,-92
BIWI,20180404-1100,Nchezie,-51,Mzingo,-81,Chizele,-77,Kalulu,-92
BIWI,20180404-1200,Nchezie,-52,Mzingo,-80,Chizele,-76,Kalulu,-94
BIWI,20180404-1301,Nchezie,-51,Mzingo,-79,Chizele,-76,Kalulu,-92
BIWI,20180404-1401,Nchezie,-52,Mzingo,-80,Chizele,-75
BIWI,20180404-1501,Nchezie,-52,Chizele,-76,Kalulu,-93,Mzingo,-80
BIWI,20180404-1600,Nchezie,-53,Chizele,-79,Mzingo,-80,Kalulu,-93
BIWI,20180404-1701,Nchezie,-52,Chizele,-79,Mzingo,-81,Kalulu,-94
BIWI,20180404-1800,Nchezie,-52,Chizele,-80,Mzingo,-81
BIWI,20180404-1901,Nchezie,-51,Chizele,-78,Mzingo,-81,Kalulu,-91
BIWI,20180404-2001,Nchezie,-53,Chizele,-80,Mzingo,-80,Kalulu,-92
BIWI,20180404-2100,Nchezie,-52,Chizele,-78,Mzingo,-80,Kalulu,-91
BIWI,20180404-2201,Nchezie,-52,Chizele,-80,Mzingo,-80,Kalulu,-90
BIWI,20180404-2301,Nchezie,-52,Chizele,-79,Mzingo,-80,Kalulu,-91
BIWI,20180405-0001,Nchezie,-52,Chizele,-79,Mzingo,-80,Kalulu,-89
BIWI,20180405-0101,Nchezie,-52,Chizele,-78,Mzingo,-80,Kalulu,-91
BIWI,20180405-0201,Nchezie,-51,Chizele,-79,Mzingo,-79,Kalulu,-89
BIWI,20180405-0701,Nchezie,-52,Mzingo,-79,Chizele,-77,Kalulu,-90
BIWI,20180405-0801,Nchezie,-52,Mzingo,-79,Chizele,-78,Kalulu,-93
BIWI,20180405-0900,Nchezie,-51,Mzingo,-80,Chizele,-75,Kalulu,-91
BIWI,20180405-1000,Nchezie,-52,Mzingo,-81,Chizele,-74,Kalulu,-94
BIWI,20180405-1101,Nchezie,-51,Mzingo,-80,Chizele,-77,Kalulu,-91
BIWI,20180405-1201,Nchezie,-51,Mzingo,-80,Chizele,-76,Kalulu,-92
BIWI,20180405-1300,Nchezie,-51,Mzingo,-80,Chizele,-78,Kalulu,-91
BIWI,20180405-1401,Nchezie,-52,Chizele,-77,Mzingo,-79
BIWI,20180405-1501,Nchezie,-50,Chizele,-73,Mzingo,-80,Kalulu,-91
BIWI,20180405-1601,Nchezie,-50,Chizele,-77,Mzingo,-80,Kalulu,-93
BIWI,20180405-1701,Nchezie,-52,Chizele,-77,Mzingo,-80,Kalulu,-91
BIWI,20180405-1801,Nchezie,-50,Chizele,-75,Mzingo,-79,Kalulu,-91
BIWI,20180405-1901,Nchezie,-52,Chizele,-79,Mzingo,-82,Kalulu,-91
BIWI,20180405-2001,Nchezie,-53,Chizele,-78,Mzingo,-81,Kalulu,-92
BIWI,20180405-2100,Nchezie,-52,Chizele,-78,Mzingo,-79,Kalulu,-90
BIWI,20180405-2200,Nchezie,-51,Chizele,-78,Mzingo,-79,Kalulu,-90
BIWI,20180405-2300,Nchezie,-50,Chizele,-78,Mzingo,-79,Kalulu,-91
BIWI,20180406-0000,Nchezie,-51,Chizele,-80,Mzingo,-81,Kalulu,-91
BIWI,20180406-0101,Nchezie,-52,Chizele,-79,Mzingo,-82,Kalulu,-91
BIWI,20180406-0200,Nchezie,-52,Chizele,-79,Mzingo,-81,Kalulu,-91
BIWI,20180406-0300,Nchezie,-52,Chizele,-79,Mzingo,-82,Kalulu,-90
BIWI,20180406-0401,Nchezie,-50,Chizele,-78,Kalulu,-91,Mzingo,-79
BIWI,20180406-0801,Nchezie,-49,Chizele,-77,Mzingo,-79,Kalulu,-90
BIWI,20180406-0900,Nchezie,-51,Chizele,-76,Mzingo,-80,Kalulu,-90
BIWI,20180406-1001,Nchezie,-49,Chizele,-77,Mzingo,-80,Kalulu,-91
BIWI,20180406-1101,Nchezie,-51,Chizele,-76,Mzingo,-81,Kalulu,-91
BIWI,20180406-1200,Nchezie,-50,Chizele,-74,Mzingo,-80,Kalulu,-91
BIWI,20180406-1300,Nchezie,-51,Chizele,-74,Mzingo,-80,Kalulu,-93
BIWI,20180406-1401,Nchezie,-52,Chizele,-78,Mzingo,-80,Kalulu,-93
BIWI,20180406-1500,Nchezie,-50,Chizele,-75,Mzingo,-79,Kalulu,-91
BIWI,20180406-1602,Nchezie,-50,Mzingo,-80,Chizele,-78,Kalulu,-93
BIWI,20180406-1701,Nchezie,-49,Mzingo,-80,Chizele,-75,Chisoba,-85,Kalulu,-90
BIWI,20180406-1801,Nchezie,-50,Mzingo,-80,Chizele,-76,Chisoba,-86
BIWI,20180406-1900,Nchezie,-51,Mzingo,-79,Chizele,-77,Chisoba,-86,Kalulu,-93
BIWI,20180406-2000,Nchezie,-51,Chizele,-77,Kalulu,-92,Chisoba,-86,Mzingo,-79
BIWI,20180406-2101,Nchezie,-50,Chizele,-76,Kalulu,-92,Chisoba,-85,Mzingo,-79
BIWI,20180406-2200,Nchezie,-51,Chizele,-77,Chisoba,-86,Kalulu,-95,Mzingo,-79
BIWI,20180406-2300,Nchezie,-50,Chisoba,-85,Mzingo,-79,Chizele,-77,Kalulu,-90
BIWI,20180407-0000,Nchezie,-53,Chisoba,-89,Chizele,-78,Kalulu,-92,Mzingo,-81
BIWI,20180407-0101,Nchezie,-51,Chisoba,-88,Chizele,-77,Kalulu,-92,Mzingo,-79
BIWI,20180407-0201,Nchezie,-49,Chisoba,-86,Chizele,-76,Mzingo,-79,Kalulu,-92
BIWI,20180407-0301,Nchezie,-52,Chisoba,-88,Chizele,-80,Mzingo,-82,Kalulu,-92
BIWI,20180407-0400,Nchezie,-52,Chisoba,-87,Chizele,-79,Mzingo,-80,Kalulu,-92
BIWI,20180407-0500,Nchezie,-51,Chisoba,-86,Chizele,-78,Mzingo,-83,Kalulu,-92
BIWI,20180407-0801,Nchezie,-50,Chisoba,-84,Chizele,-77,Mzingo,-79,Kalulu,-93
BIWI,20180407-0900,Nchezie,-50,Chisoba,-84,Chizele,-76,Mzingo,-79,Kalulu,-90
BIWI,20180407-1001,Nchezie,-51,Chisoba,-85,Chizele,-77,Mzingo,-79,Kalulu,-91
BIWI,20180407-1100,Nchezie,-51,Chisoba,-88,Chizele,-77,Mzingo,-81
BIWI,20180407-1200,Nchezie,-50,Chisoba,-85,Chizele,-73,Mzingo,-79,Kalulu,-92
BIWI,20180407-1301,Nchezie,-51,Chisoba,-88,Chizele,-73,Mzingo,-79,Kalulu,-91
BIWI,20180407-1400,Nchezie,-49,Chizele,-77,Mzingo,-79,Chisoba,-85,Kalulu,-91
BIWI,20180407-1500,Nchezie,-51,Chizele,-77,Mzingo,-78,Chisoba,-85,Kalulu,-91
BIWI,20180407-1600,Nchezie,-51,Chizele,-73,Mzingo,-79,Chisoba,-85,Kalulu,-92
BIWI,20180407-1700,Nchezie,-49,Chizele,-73,Mzingo,-79,Chisoba,-83,Kalulu,-92
BIWI,20180407-1800,Nchezie,-50,Chizele,-73,Chisoba,-86,Mzingo,-79
BIWI,20180423-1500,Nele,-79,Mzingo,-78,Chisoba,-85,Nchezie,-52,Kalulu,-92
BIWI,20180423-1600,Nele,-80,Nchezie,-51,Chisoba,-88,Mzingo,-79,Kalulu,-90
BIWI,20180423-1700,Nele,-83,Nchezie,-55,Chisoba,-89,Mzingo,-81
BIWI,20180423-1801,Nele,-80,Nchezie,-52,Chisoba,-85,Mzingo,-80,Kalulu,-89
BIWI,20180423-1900,Nele,-82,Nchezie,-52,Chisoba,-86,Mzingo,-80
BIWI,20180423-2001,Nchezie,-53,Chisoba,-87,Mzingo,-80,Nele,-81,Kalulu,-92
BIWI,20180423-2101,Nchezie,-52,Chisoba,-88,Mzingo,-80,Nele,-81,Kalulu,-91
BIWI,20180423-2200,Nchezie,-52,Chisoba,-86,Mzingo,-79,Nele,-80
BIWI,20180423-2301,Nchezie,-53,Chisoba,-87,Nele,-82,Mzingo,-80
BIWI,20180424-0001,Nchezie,-52,Chisoba,-86,Nele,-81,Mzingo,-80
BIWI,20180424-0101,Nchezie,-51,Chisoba,-85,Nele,-80,Mzingo,-79,Chizele,-78,Kalulu,-91
BIWI,20180424-0200,Nchezie,-54,Chisoba,-87,Nele,-81,Mzingo,-80,Chizele,-80,Kalulu,-91
BIWI,20180424-0300,Nchezie,-52,Chisoba,-86,Nele,-79,Chizele,-78,Mzingo,-79,Kalulu,-91
BIWI,20180424-0401,Nchezie,-52,Chisoba,-88,Nele,-81,Mzingo,-80,Chizele,-79
BIWI,20180424-0500,Nchezie,-51,Chisoba,-87,Nele,-81,Mzingo,-80,Chizele,-78
BIWI,20180424-0600,Nchezie,-51,Chisoba,-89,Nele,-83,Mzingo,-80,Chizele,-80
BIWI,20180424-0701,Nchezie,-51,Nele,-81,Mzingo,-80,Chizele,-77,Chisoba,-88
BIWI,20180424-0800,Nchezie,-52,Nele,-81,Mzingo,-81,Chizele,-76,Chisoba,-87,Kalulu,-91
BIWI,20180424-0900,Nchezie,-53,Nele,-81,Mzingo,-80,Chizele,-76,Chisoba,-88
BIWI,20180424-1001,Nchezie,-52,Nele,-81,Mzingo,-80,Chizele,-76,Chisoba,-87,Kalulu,-92
BIWI,20180424-1101,Nchezie,-53,Nele,-81,Chizele,-75,Chisoba,-84,Mzingo,-79,Kalulu,-93
BIWI,20180424-1200,Nchezie,-53,Nele,-82,Chizele,-76,Mzingo,-80,Chisoba,-84,Kalulu,-92
BIWI,20180424-1301,Nchezie,-52,Nele,-79,Chizele,-75,Mzingo,-79,Chisoba,-85,Kalulu,-92
BIWI,20180424-1400,Nchezie,-52,Nele,-81,Chizele,-78,Chisoba,-87,Mzingo,-79
BIWI,20180424-1501,Nchezie,-53,Nele,-81,Chizele,-78,Chisoba,-85,Mzingo,-79
BIWI,20180424-1600,Nchezie,-52,Chisoba,-86,Chizele,-77,Nele,-82,Mzingo,-80
BIWI,20180424-1700,Nchezie,-53,Chisoba,-87,Chizele,-79,Nele,-81,Mzingo,-80
BIWI,20180424-1800,Nchezie,-54,Chisoba,-87,Chizele,-77,Nele,-82,Mzingo,-81
BIWI,20180424-1901,Nchezie,-52,Chizele,-76,Nele,-81,Mzingo,-80,Chisoba,-86
BIWI,20180424-2001,Nchezie,-51,Chizele,-77,Nele,-80,Mzingo,-79,Chisoba,-86
BIWI,20180424-2100,Nchezie,-52,Chizele,-77,Nele,-80,Mzingo,-79,Chisoba,-87
BIWI,20180424-2201,Nchezie,-52,Chizele,-77,Nele,-80,Mzingo,-79,Chisoba,-86
BIWI,20180424-2300,Nchezie,-51,Chizele,-77,Nele,-81,Mzingo,-79,Chisoba,-86,Kalulu,-91
BIWI,20180425-0002,Nchezie,-52,Chizele,-80,Chisoba,-88,Nele,-81,Mzingo,-80,Kalulu,-93
BIWI,20180425-0100,Nchezie,-52,Chizele,-78,Chisoba,-88,Nele,-82,Mzingo,-80,Kalulu,-92
BIWI,20180425-0201,Nchezie,-51,Chizele,-79,Chisoba,-87,Nele,-82,Mzingo,-79,Kalulu,-92
BIWI,20180425-0301,Nchezie,-51,Chizele,-79,Chisoba,-88,Nele,-81,Mzingo,-79,Kalulu,-91
BIWI,20180425-0400,Nchezie,-52,Chizele,-80,Nele,-81,Mzingo,-79,Kalulu,-91,Chisoba,-87
BIWI,20180425-0501,Nchezie,-51,Chizele,-78,Nele,-81,Mzingo,-80,Kalulu,-91,Chisoba,-90
BIWI,20180425-0600,Nchezie,-52,Chizele,-78,Chisoba,-89,Nele,-82,Mzingo,-79,Kalulu,-91
BIWI,20180425-0701,Nchezie,-52,Chizele,-78,Chisoba,-89,Nele,-82,Mzingo,-81,Kalulu,-93
BIWI,20180425-0800,Nchezie,-53,Chizele,-75,Chisoba,-85,Nele,-83,Mzingo,-81
BIWI,20180425-0901,Nchezie,-52,Chizele,-75,Chisoba,-84,Nele,-81,Mzingo,-81
BIWI,20180425-1000,Nchezie,-53,Chizele,-77,Chisoba,-85,Nele,-84,Mzingo,-81
BIWI,20180425-1100,Nchezie,-53,Chizele,-76,Chisoba,-85,Nele,-83,Mzingo,-80,Kalulu,-91
BIWI,20180425-1202,Nchezie,-51,Chizele,-77,Chisoba,-83,Nele,-81,Mzingo,-79
BIWI,20180425-1301,Nchezie,-52,Chizele,-77,Chisoba,-86,Nele,-82,Mzingo,-80
BIWI,20180425-1400,Nchezie,-52,Chizele,-76,Chisoba,-87,Nele,-84,Mzingo,-81
BIWI,20180425-1500,Nchezie,-51,Chizele,-76,Chisoba,-86,Nele,-81,Mzingo,-81
BIWI,20180425-1601,Nchezie,-52,Chizele,-77,Chisoba,-86,Nele,-81,Mzingo,-80,Kalulu,-92
BIWI,20180425-1700,Nchezie,-52,Chizele,-75,Chisoba,-86,Mzingo,-80,Nele,-81
BIWI,20180425-1800,Nchezie,-52,Chizele,-77,Chisoba,-86,Mzingo,-81,Nele,-82
BIWI,20180425-1900,Nchezie,-52,Chizele,-79,Chisoba,-87,Nele,-82,Mzingo,-80
BIWI,20180425-2000,Nchezie,-52,Chizele,-78,Chisoba,-88,Nele,-81,Mzingo,-81
BIWI,20180425-2100,Nchezie,-50,Chizele,-75,Nele,-80,Mzingo,-80,Chisoba,-88
BIWI,20180425-2200,Nchezie,-50,Chizele,-77,Nele,-79,Mzingo,-80,Chisoba,-87
BIWI,20180425-2300,Nchezie,-52,Chizele,-79,Nele,-81,Chisoba,-90,Mzingo,-80,Kalulu,-92
BIWI,20180426-0000,Nchezie,-52,Chizele,-77,Mzingo,-80,Nele,-80,Chisoba,-87,Kalulu,-92
BIWI,20180426-0101,Nchezie,-51,Chizele,-77,Chisoba,-88,Nele,-81,Mzingo,-80,Kalulu,-91
BIWI,20180426-0201,Nchezie,-50,Chizele,-76,Chisoba,-86,Nele,-81,Mzingo,-80
BIWI,20180426-0301,Nchezie,-51,Chizele,-75,Chisoba,-88,Nele,-81,Mzingo,-80,Kalulu,-92
BIWI,20180426-0401,Nchezie,-51,Chizele,-79,Chisoba,-89,Nele,-82,Kalulu,-94,Mzingo,-80
BIWI,20180426-0501,Nchezie,-52,Chizele,-77,Chisoba,-88,Nele,-82,Mzingo,-81
BIWI,20180426-0601,Nchezie,-54,Chizele,-79,Chisoba,-89,Nele,-82,Mzingo,-81,Kalulu,-93
BIWI,20180426-0701,Nchezie,-52,Chizele,-78,Chisoba,-87,Nele,-83,Mzingo,-81
BIWI,20180426-0800,Nchezie,-51,Chizele,-75,Nele,-79,Mzingo,-81,Chisoba,-87
BIWI,20180426-0900,Nchezie,-52,Chizele,-77,Nele,-80,Mzingo,-80,Chisoba,-86
BIWI,20180426-1000,Nchezie,-52,Chizele,-75,Nele,-81,Mzingo,-80,Chisoba,-88
BIWI,20180426-1100,Nchezie,-52,Chizele,-76,Nele,-81,Mzingo,-80,Chisoba,-87
BIWI,20180426-1201,Nchezie,-53,Chizele,-76,Nele,-83,Mzingo,-81,Chisoba,-87
BIWI,20180426-1300,Nchezie,-52,Chizele,-77,Mzingo,-81,Nele,-81,Chisoba,-86,Kalulu,-92
BIWI,20180426-1401,Nchezie,-53,Chizele,-77,Chisoba,-87,Nele,-85,Mzingo,-81
BIWI,20180426-1500,Nchezie,-51,Chizele,-77,Chisoba,-86,Nele,-82,Mzingo,-80
BIWI,20180426-1601,Nchezie,-52,Chizele,-78,Chisoba,-86,Nele,-82,Mzingo,-81
BIWI,20180426-1700,Nchezie,-51,Chizele,-78,Nele,-83,Mzingo,-81,Chisoba,-87
BIWI,20180426-1800,Nchezie,-52,Chizele,-77,Nele,-82,Mzingo,-80,Chisoba,-85
BIWI,20180426-1900,Nchezie,-51,Chizele,-78,Nele,-81,Mzingo,-80,Chisoba,-86
BIWI,20180426-2001,Nchezie,-51,Chizele,-78,Nele,-82,Mzingo,-82,Chisoba,-87
BIWI,20180426-2100,Nchezie,-51,Chizele,-81,Chisoba,-88,Mzingo,-81,Nele,-81
BIWI,20180426-2200,Nchezie,-51,Chizele,-81,Chisoba,-87,Mzingo,-80,Nele,-81
BIWI,20180426-2301,Nchezie,-52,Chizele,-81,Chisoba,-88,Mzingo,-82,Nele,-82
BIWI,20180427-0000,Nchezie,-51,Chizele,-80,Chisoba,-88,Mzingo,-80,Nele,-82
BIWI,20180427-0101,Nchezie,-52,Chizele,-79,Chisoba,-89,Mzingo,-81,Nele,-83
BIWI,20180427-0201,Nchezie,-52,Chizele,-78,Chisoba,-87,Mzingo,-81,Nele,-83
BIWI,20180427-0300,Nchezie,-51,Chizele,-79,Chisoba,-88,Nele,-81,Mzingo,-81
BIWI,20180427-0402,Nchezie,-50,Chizele,-81,Chisoba,-87,Nele,-82,Mzingo,-80
BIWI,20180427-0501,Nchezie,-51,Chizele,-77,Chisoba,-87,Nele,-83,Mzingo,-81
BIWI,20180427-0601,Nchezie,-51,Chizele,-80,Chisoba,-88,Nele,-81,Mzingo,-82
BIWI,20180427-0700,Nchezie,-51,Chizele,-81,Chisoba,-88,Nele,-84,Mzingo,-82
BIWI,20180427-0800,Nchezie,-51,Chizele,-78,Chisoba,-88,Mzingo,-82,Nele,-83
BIWI,20180427-0901,Nchezie,-52,Chizele,-76,Chisoba,-84,Nele,-82,Mzingo,-82
BIWI,20180427-1001,Nchezie,-53,Chizele,-77,Chisoba,-83,Nele,-83,Mzingo,-81
BIWI,20180427-1100,Nchezie,-53,Chizele,-78,Chisoba,-88,Nele,-83,Mzingo,-82
BIWI,20180427-1200,Nchezie,-54,Chizele,-80,Chisoba,-83,Nele,-84,Mzingo,-82
BIWI,20180427-1301,Nchezie,-52,Chizele,-79,Chisoba,-87,Nele,-82,Mzingo,-81
BIWI,20180427-1400,Nchezie,-53,Chizele,-77,Nele,-83,Mzingo,-82,Chisoba,-84
BIWI,20180427-1500,Nchezie,-53,Chizele,-80,Nele,-84,Chisoba,-86,Mzingo,-83
BIWI,20180427-1600,Nchezie,-52,Chizele,-75,Nele,-83,Chisoba,-84,Mzingo,-82
BIWI,20180427-1701,Nchezie,-52,Chizele,-75,Nele,-83,Chisoba,-86,Mzingo,-81
BIWI,20180427-1800,Nchezie,-52,Chizele,-81,Nele,-82,Chisoba,-84,Mzingo,-81
BIWI,20180427-1900,Nchezie,-53,Chizele,-78,Nele,-84,Chisoba,-86,Mzingo,-82
BIWI,20180427-2000,Nchezie,-51,Chizele,-78,Nele,-84,Chisoba,-86,Mzingo,-81
BIWI,20180427-2100,Nchezie,-51,Chizele,-79,Nele,-83,Chisoba,-86,Mzingo,-81
BIWI,20180427-2201,Nchezie,-54,Chizele,-81,Nele,-85,Chisoba,-87,Mzingo,-83
BIWI,20180427-2300,Nchezie,-52,Chizele,-79,Chisoba,-86,Nele,-82,Mzingo,-81
BIWI,20180428-0001,Nchezie,-52,Chizele,-78,Chisoba,-86,Nele,-82,Mzingo,-81
BIWI,20180428-0100,Nchezie,-52,Chizele,-80,Chisoba,-88,Nele,-83,Mzingo,-82
BIWI,20180428-0201,Nchezie,-51,Chizele,-78,Chisoba,-86,Nele,-81,Mzingo,-81
BIWI,20180428-0300,Nchezie,-52,Chizele,-78,Chisoba,-87,Nele,-82,Mzingo,-80
BIWI,20180428-0400,Nchezie,-53,Chizele,-80,Chisoba,-89,Nele,-83,Mzingo,-82
BIWI,20180428-0501,Nchezie,-51,Chizele,-79,Chisoba,-88,Nele,-82,Mzingo,-82
BIWI,20180428-0600,Nchezie,-51,Chizele,-80,Chisoba,-87,Nele,-83,Mzingo,-82
BIWI,20180428-0700,Nchezie,-53,Chizele,-79,Chisoba,-87,Nele,-84,Mzingo,-82
BIWI,20180428-0801,Nchezie,-53,Chizele,-81,Chisoba,-85,Nele,-82,Mzingo,-83
BIWI,20180428-0901,Nchezie,-52,Chizele,-79,Chisoba,-87,Nele,-83,Mzingo,-83
BIWI,20180428-1000,Nchezie,-55,Chizele,-79,Chisoba,-88,Nele,-85,Mzingo,-83
BIWI,20180428-1100,Nchezie,-53,Chizele,-80,Chisoba,-90,Nele,-84,Mzingo,-83
BIWI,20180428-1200,Nchezie,-54,Chizele,-79,Chisoba,-86,Nele,-83,Mzingo,-83
BIWI,20180428-1300,Nchezie,-53,Chizele,-78,Chisoba,-83,Nele,-81,Mzingo,-82
BIWI,20180428-1400,Nchezie,-52,Chizele,-78,Chisoba,-85,Nele,-84,Mzingo,-82
BIWI,20180428-1500,Nchezie,-52,Chizele,-76,Nele,-83,Mzingo,-82,Chisoba,-85
BIWI,20180428-1600,Nchezie,-53,Chizele,-78,Nele,-83,Mzingo,-81,Chisoba,-87
BIWI,20180428-1701,Nchezie,-52,Chizele,-77,Mzingo,-82,Chisoba,-85,Nele,-83
BIWI,20180428-1800,Nchezie,-51,Chizele,-77,Mzingo,-81,Chisoba,-86,Nele,-83
BIWI,20180428-1901,Nchezie,-53,Chizele,-75,Chisoba,-83,Nele,-83,Mzingo,-81
BIWI,20180428-2000,Nchezie,-51,Chizele,-78,Chisoba,-84,Nele,-82,Mzingo,-81
BIWI,20180428-2100,Nchezie,-51,Chizele,-80,Nele,-82,Chisoba,-86,Mzingo,-81
BIWI,20180428-2201,Nchezie,-52,Chizele,-79,Nele,-83,Chisoba,-86,Mzingo,-81
BIWI,20180428-2300,Nchezie,-52,Chizele,-78,Nele,-83,Chisoba,-85,Mzingo,-81
BIWI,20180429-0001,Nchezie,-53,Chizele,-80,Nele,-84,Chisoba,-88,Mzingo,-83
BIWI,20180429-0101,Nchezie,-52,Chizele,-77,Nele,-83,Chisoba,-86,Mzingo,-81
BIWI,20180429-0201,Nchezie,-53,Chizele,-79,Nele,-84,Chisoba,-88,Mzingo,-82
BIWI,20180429-0301,Nchezie,-51,Chizele,-78,Chisoba,-86,Mzingo,-82,Nele,-82
BIWI,20180429-0401,Nchezie,-51,Chizele,-78,Chisoba,-87,Nele,-81,Mzingo,-81
BIWI,20180429-0500,Nchezie,-52,Chizele,-79,Chisoba,-85,Nele,-83,Mzingo,-81
BIWI,20180429-0601,Nchezie,-52,Chizele,-79,Chisoba,-87,Nele,-84,Mzingo,-82
BIWI,20180429-0701,Nchezie,-52,Chizele,-77,Chisoba,-88,Nele,-82,Mzingo,-81
BIWI,20180429-0801,Nchezie,-51,Chizele,-79,Chisoba,-82,Nele,-84,Mzingo,-82
BIWI,20180429-0901,Nchezie,-52,Chizele,-78,Chisoba,-88,Nele,-83,Mzingo,-81,Kalulu,-92
BIWI,20180429-1000,Nchezie,-54,Chizele,-78,Chisoba,-90,Nele,-83,Mzingo,-82
BIWI,20180429-1101,Nchezie,-52,Chizele,-81,Chisoba,-84,Nele,-84,Mzingo,-81
BIWI,20180429-1200,Nchezie,-53,Chizele,-78,Nele,-83,Mzingo,-82,Chisoba,-87
BIWI,20180429-1301,Nchezie,-52,Chizele,-80,Nele,-81,Mzingo,-81,Chisoba,-86
BIWI,20180429-1401,Nchezie,-53,Chizele,-78,Nele,-81,Mzingo,-82,Chisoba,-88
BIWI,20180429-1500,Nchezie,-51,Chizele,-78,Nele,-82,Chisoba,-83,Mzingo,-81
BIWI,20180429-1601,Nchezie,-53,Chizele,-76,Nele,-83,Chisoba,-86,Mzingo,-82
BIWI,20180429-1701,Nchezie,-52,Chizele,-78,Nele,-81,Chisoba,-86,Mzingo,-81
BIWI,20180429-1800,Nchezie,-52,Chizele,-80,Nele,-84,Chisoba,-86,Mzingo,-82
BIWI,20180429-1901,Nchezie,-52,Chizele,-78,Nele,-82,Chisoba,-84,Mzingo,-82
BIWI,20180429-2000,Nchezie,-52,Chizele,-81,Nele,-83,Chisoba,-85,Mzingo,-82
BIWI,20180429-2100,Nchezie,-51,Chizele,-78,Mzingo,-80,Nele,-82,Chisoba,-86
BIWI,20180429-2201,Nchezie,-52,Chizele,-81,Nele,-81,Chisoba,-87,Mzingo,-81
BIWI,20180429-2300,Nchezie,-52,Chizele,-79,Nele,-81,Chisoba,-87,Mzingo,-81
BIWI,20180430-0000,Nchezie,-53,Chizele,-79,Nele,-83,Chisoba,-88,Mzingo,-83
BIWI,20180430-0101,Nchezie,-51,Chisoba,-87,Nele,-83
BIWI,20180430-0200,Nchezie,-52,Chizele,-77,Chisoba,-90,Mzingo,-81,Nele,-81
BIWI,20180430-0301,Nchezie,-51,Chizele,-78,Mzingo,-81,Nele,-83,Chisoba,-87
BIWI,20180430-0401,Nchezie,-51,Chizele,-80,Chisoba,-87,Mzingo,-82,Nele,-83
BIWI,20180430-0501,Nchezie,-53,Chizele,-79,Nele,-83,Chisoba,-87,Mzingo,-83
BIWI,20180430-0601,Nchezie,-53,Chizele,-79,Nele,-83,Chisoba,-87,Mzingo,-83
BIWI,20180430-0701,Nchezie,-53,Chizele,-78,Nele,-82,Chisoba,-87,Mzingo,-82
BIWI,20180430-0800,Nchezie,-51,Chizele,-79,Nele,-81,Mzingo,-82,Chisoba,-86
BIWI,20180430-0901,Nchezie,-52,Chizele,-79,Nele,-83,Chisoba,-85,Mzingo,-82
BIWI,20180430-1000,Nchezie,-53,Chizele,-79,Nele,-83,Chisoba,-87,Mzingo,-82
BIWI,20180430-1100,Nchezie,-52,Chizele,-78,Nele,-83,Chisoba,-84,Mzingo,-82
BIWI,20180430-1201,Nchezie,-52,Chizele,-77,Nele,-85,Chisoba,-87,Mzingo,-83
BIWI,20180430-1301,Nchezie,-52,Chizele,-80,Nele,-83,Chisoba,-85,Mzingo,-82
BIWI,20180430-1400,Nchezie,-52,Chizele,-78,Nele,-81,Chisoba,-84,Mzingo,-82,Kalulu,-91
BIWI,20180430-1501,Nchezie,-52,Chizele,-77,Nele,-83,Chisoba,-84,Mzingo,-82,Kalulu,-93
BIWI,20180430-1600,Nchezie,-52,Chizele,-77,Nele,-84,Chisoba,-84,Mzingo,-82
BIWI,20180430-1701,Nchezie,-52,Chizele,-77,Chisoba,-85,Nele,-82,Mzingo,-81
BIWI,20180430-1801,Nchezie,-53,Chizele,-80,Chisoba,-85,Nele,-84,Mzingo,-81
BIWI,20180430-1901,Nchezie,-52,Chizele,-80,Chisoba,-85,Nele,-83,Mzingo,-82
BIWI,20180430-2001,Nchezie,-53,Chizele,-81,Chisoba,-86,Nele,-83,Mzingo,-81
BIWI,20180430-2100,Nchezie,-53,Chizele,-79,Chisoba,-87,Nele,-82,Mzingo,-82
BIWI,20180430-2200,Nchezie,-52,Chizele,-78,Chisoba,-87,Nele,-82,Mzingo,-81
BIWI,20180430-2300,Nchezie,-52,Chizele,-79,Chisoba,-87,Mzingo,-81,Nele,-83
BIWI,20180501-0000,Nchezie,-52,Chizele,-80,Chisoba,-88,Mzingo,-81,Nele,-84
BIWI,20180501-0100,Nchezie,-52,Chizele,-81,Chisoba,-88,Mzingo,-82,Nele,-83
BIWI,20180501-0201,Nchezie,-50,Chizele,-79,Chisoba,-86,Mzingo,-80,Nele,-83
BIWI,20180501-0300,Nchezie,-51,Chizele,-79,Chisoba,-85,Mzingo,-82,Nele,-82
BIWI,20180501-0400,Nchezie,-52,Chizele,-80,Chisoba,-88,Mzingo,-82,Nele,-82
BIWI,20180501-0500,Nchezie,-52,Chizele,-80,Chisoba,-87,Nele,-83,Mzingo,-82
BIWI,20180501-0600,Nchezie,-51,Chizele,-77,Chisoba,-87,Nele,-82,Mzingo,-81
BIWI,20180501-0700,Nchezie,-53,Chizele,-79,Chisoba,-88,Nele,-83,Mzingo,-82
BIWI,20180501-0801,Nchezie,-51,Chizele,-76,Chisoba,-85,Nele,-82,Mzingo,-81
BIWI,20180501-0901,Nchezie,-53,Chizele,-79,Chisoba,-89,Nele,-80,Mzingo,-82
BIWI,20180501-1001,Nchezie,-52,Chizele,-78,Chisoba,-86,Nele,-83,Mzingo,-82
BIWI,20180501-1101,Nchezie,-51,Chizele,-76,Chisoba,-84,Nele,-81,Mzingo,-82
BIWI,20180501-1200,Nchezie,-52,Chizele,-79,Chisoba,-86,Nele,-82,Mzingo,-82,Kalulu,-92
BIWI,20180501-1301,Nchezie,-52,Chizele,-77,Chisoba,-84,Nele,-82,Mzingo,-82,Kalulu,-92
BIWI,20180501-1400,Nchezie,-52,Chizele,-75,Chisoba,-88,Nele,-83,Mzingo,-81
BIWI,20180501-1500,Nchezie,-52,Chizele,-76,Chisoba,-85,Nele,-82,Mzingo,-82
BIWI,20180501-1600,Nchezie,-52,Chizele,-76,Chisoba,-85,Nele,-83,Mzingo,-81
BIWI,20180501-1700,Nchezie,-53,Chizele,-78,Chisoba,-84,Nele,-84,Mzingo,-81
BIWI,20180501-1801,Nchezie,-52,Chizele,-76,Chisoba,-85,Nele,-82,Mzingo,-81,Kalulu,-91
BIWI,20180501-1901,Nchezie,-52,Chizele,-77,Chisoba,-88,Nele,-82,Mzingo,-81
BIWI,20180501-2001,Nchezie,-52,Chizele,-80,Chisoba,-89,Nele,-81,Mzingo,-81
BIWI,20180501-2100,Nchezie,-52,Chizele,-76,Chisoba,-87,Nele,-81,Mzingo,-80
BIWI,20180501-2201,Nchezie,-52,Chizele,-78,Nele,-83,Chisoba,-90,Mzingo,-82
BIWI,20180501-2300,Nchezie,-52,Chizele,-79,Nele,-82,Chisoba,-87,Mzingo,-81
BIWI,20180502-0001,Nchezie,-52,Chizele,-78,Chisoba,-88,Mzingo,-81,Nele,-82
BIWI,20180502-0101,Nchezie,-51,Chizele,-80,Chisoba,-90,Nele,-83,Mzingo,-81
BIWI,20180502-0201,Nchezie,-52,Chizele,-80,Chisoba,-88,Nele,-82,Mzingo,-82
BIWI,20180502-0300,Nchezie,-51,Chizele,-80,Chisoba,-88,Nele,-82,Mzingo,-81
BIWI,20180502-0401,Nchezie,-53,Chizele,-79,Chisoba,-88,Nele,-83,Mzingo,-82
BIWI,20180502-0501,Nchezie,-53,Chizele,-79,Chisoba,-87,Nele,-84,Mzingo,-83
BIWI,20180502-0600,Nchezie,-53,Chizele,-78,Chisoba,-88,Nele,-83,Mzingo,-82
BIWI,20180502-0701,Nchezie,-52,Chizele,-78,Chisoba,-87,Nele,-82,Mzingo,-82
BIWI,20180502-0800,Nchezie,-52,Chizele,-80,Chisoba,-84,Nele,-83,Mzingo,-82
BIWI,20180502-0901,Nchezie,-52,Chizele,-78,Chisoba,-84,Nele,-82,Mzingo,-82
BIWI,20180502-1001,Nchezie,-52,Chizele,-76,Chisoba,-87,Nele,-83,Mzingo,-82
BIWI,20180502-1100,Nchezie,-52,Chizele,-80,Chisoba,-86,Nele,-83,Mzingo,-82,Kalulu,-92
BIWI,20180502-1200,Nchezie,-52,Chizele,-77,Chisoba,-84,Nele,-81,Mzingo,-81
BIWI,20180502-1301,Nchezie,-53,Chizele,-80,Nele,-84,Mzingo,-82,Chisoba,-87
BIWI,20180502-1400,Nchezie,-54,Chizele,-76,Nele,-82,Chisoba,-86,Mzingo,-82
BIWI,20180502-1501,Nchezie,-51,Chizele,-77,Nele,-82,Chisoba,-86,Mzingo,-81
BIWI,20180502-1601,Nchezie,-52,Chizele,-79,Nele,-82,Chisoba,-85,Mzingo,-82
BIWI,20180502-1700,Nchezie,-53,Chizele,-79,Nele,-82,Chisoba,-85,Mzingo,-81
BIWI,20180502-1802,Nchezie,-52,Chizele,-79,Nele,-83,Chisoba,-85,Mzingo,-82
BIWI,20180502-1901,Nchezie,-53,Chizele,-77,Nele,-83,Chisoba,-86,Mzingo,-82
BIWI,20180502-2000,Nchezie,-52,Chizele,-80,Chisoba,-86,Nele,-83,Mzingo,-82
BIWI,20180502-2100,Nchezie,-53,Chizele,-78,Chisoba,-86,Nele,-82,Mzingo,-82
BIWI,20180502-2200,Nchezie,-52,Chizele,-78,Nele,-81,Chisoba,-86,Mzingo,-81
BIWI,20180502-2301,Nchezie,-52,Chizele,-79,Nele,-83,Chisoba,-87,Mzingo,-82
BIWI,20180503-0001,Nchezie,-53,Chizele,-80,Nele,-83,Chisoba,-88,Mzingo,-82
BIWI,20180503-0102,Nchezie,-52,Chizele,-80,Nele,-83,Chisoba,-88,Mzingo,-82
BIWI,20180503-0201,Nchezie,-53,Chizele,-80,Nele,-84,Chisoba,-88,Mzingo,-83
BIWI,20180503-0300,Nchezie,-51,Chizele,-79,Chisoba,-86,Nele,-83,Mzingo,-82
BIWI,20180503-0400,Nchezie,-52,Chizele,-79,Nele,-84,Mzingo,-83,Chisoba,-86
BIWI,20180509-1401,Nchezie,-53,Mzingo,-82,Chizele,-78,Nele,-81,Chisoba,-88
BIWI,20180509-1500,Nchezie,-53,Mzingo,-81,Chizele,-74,Nele,-81,Chisoba,-88
BIWI,20180509-1600,Nchezie,-52,Mzingo,-82,Chizele,-75,Nele,-82,Chisoba,-89
BIWI,20180509-1700,Nchezie,-54,Mzingo,-81,Chizele,-75,Nele,-81,Chisoba,-86
BIWI,20180509-1800,Nchezie,-51,Mzingo,-81,Chizele,-77,Nele,-81,Chisoba,-87
BIWI,20180509-1902,Nchezie,-52,Mzingo,-82,Chizele,-77,Nele,-82,Chisoba,-87
BIWI,20180509-2001,Nchezie,-52,Chizele,-76,Chisoba,-87,Nele,-81,Mzingo,-82
BIWI,20180509-2101,Nchezie,-53,Chizele,-77,Chisoba,-88,Nele,-80,Mzingo,-81
BIWI,20180509-2200,Nchezie,-51,Chizele,-79,Chisoba,-88,Nele,-81,Mzingo,-81
BIWI,20180509-2301,Nchezie,-52,Chizele,-79,Chisoba,-89,Nele,-81,Mzingo,-81
BIWI,20180510-0001,Nchezie,-52,Chizele,-79,Chisoba,-87,Nele,-80,Mzingo,-80
BIWI,20180510-0100,Nchezie,-52,Chizele,-78,Chisoba,-87,Nele,-80,Mzingo,-81
BIWI,20180510-0201,Nchezie,-51,Chizele,-78,Chisoba,-88,Nele,-80,Mzingo,-81
BIWI,20180510-0300,Nchezie,-52,Chizele,-79,Chisoba,-90,Nele,-81,Mzingo,-82
BIWI,20180510-0400,Nchezie,-52,Chizele,-79,Chisoba,-88,Nele,-81,Mzingo,-81
BIWI,20180510-0500,Nchezie,-52,Chisoba,-87,Nele,-82,Mzingo,-81
BIWI,20180510-0600,Nchezie,-52,Chisoba,-88,Nele,-82,Mzingo,-82
BIWI,20180510-0700,Nchezie,-51,Chisoba,-88,Nele,-81,Mzingo,-81
BIWI,20180510-0801,Nchezie,-52,Chisoba,-86,Nele,-81,Mzingo,-81,Chizele,-80
BIWI,20180510-0900,Nchezie,-51,Chizele,-79,Mzingo,-81,Nele,-82,Chisoba,-85
BIWI,20180510-1001,Nchezie,-53,Chizele,-78,Mzingo,-82,Nele,-82,Chisoba,-87
BIWI,20180510-1100,Nchezie,-52,Chizele,-77,Mzingo,-82,Nele,-82,Chisoba,-86
BIWI,20180510-1200,Nchezie,-53,Chizele,-79,Mzingo,-82,Nele,-81,Chisoba,-87
BIWI,20180510-1300,Nchezie,-52,Chizele,-77,Mzingo,-81,Nele,-80,Chisoba,-87
BIWI,20180510-1400,Nchezie,-53,Chizele,-76,Mzingo,-82,Nele,-81,Chisoba,-87
BIWI,20180510-1500,Nchezie,-53,Mzingo,-82,Nele,-81,Chisoba,-87,Chizele,-71
BIWI,20180510-1600,Nchezie,-54,Chisoba,-88,Nele,-83,Mzingo,-81,Chizele,-74
BIWI,20180510-1700,Nchezie,-52,Chisoba,-88,Nele,-81,Mzingo,-81,Chizele,-75
BIWI,20180510-1800,Nchezie,-54,Chisoba,-88,Nele,-82,Mzingo,-82,Chizele,-79
BIWI,20180510-1900,Nchezie,-52,Chisoba,-85,Nele,-81,Mzingo,-81,Chizele,-78
BIWI,20180510-2001,Nchezie,-53,Chisoba,-87,Nele,-82,Mzingo,-82,Chizele,-80
BIWI,20180510-2100,Nchezie,-52,Chisoba,-86,Mzingo,-82,Chizele,-82,Nele,-82
BIWI,20180510-2201,Nchezie,-52,Chisoba,-87,Chizele,-82,Mzingo,-79,Nele,-81
BIWI,20180510-2300,Nchezie,-52,Chisoba,-88,Chizele,-80,Mzingo,-80,Nele,-80
BIWI,20180511-0000,Nchezie,-51,Chisoba,-89,Chizele,-79,Mzingo,-81,Nele,-82
BIWI,20180511-0100,Nchezie,-52,Chisoba,-88,Chizele,-81,Mzingo,-81,Nele,-81
BIWI,20180511-0200,Nchezie,-54,Chisoba,-89,Chizele,-82,Mzingo,-83,Nele,-83
BIWI,20180511-0300,Nchezie,-52,Chisoba,-88,Chizele,-80,Mzingo,-82,Nele,-82
BIWI,20180511-0400,Nchezie,-52,Chisoba,-90,Chizele,-80,Mzingo,-83,Nele,-81
BIWI,20180511-0500,Nchezie,-53,Chisoba,-89,Chizele,-81,Mzingo,-81,Nele,-82
BIWI,20180511-0600,Nchezie,-53,Chisoba,-89,Chizele,-81,Mzingo,-82,Nele,-82
BIWI,20180511-0700,Nchezie,-52,Chizele,-79,Mzingo,-81,Nele,-80,Chisoba,-88
BIWI,20180511-0800,Nchezie,-52,Chizele,-79,Mzingo,-82,Nele,-81,Chisoba,-88
BIWI,20180511-0901,Nchezie,-53,Chizele,-79,Nele,-83,Chisoba,-86,Mzingo,-84
BIWI,20180511-1000,Nchezie,-53,Chizele,-76,Nele,-81,Chisoba,-86,Mzingo,-81
BIWI,20180511-1101,Nchezie,-54,Chizele,-77,Nele,-83,Chisoba,-85,Mzingo,-83
BIWI,20180511-1200,Nchezie,-53,Chizele,-80,Nele,-82,Chisoba,-89,Mzingo,-82
BIWI,20180511-1301,Nchezie,-54,Nele,-82,Chisoba,-89,Mzingo,-83
BIWI,20180511-1401,Nchezie,-53,Nele,-80,Chisoba,-90,Mzingo,-82,Chizele,-77
BIWI,20180511-1501,Nchezie,-53,Nele,-79,Chisoba,-90,Mzingo,-82,Chizele,-75
BIWI,20180511-1600,Nchezie,-54,Nele,-80,Chisoba,-90,Mzingo,-82,Chizele,-76
BIWI,20180511-1700,Nchezie,-54,Nele,-81,Chisoba,-89,Mzingo,-82,Chizele,-75
BIWI,20180511-1800,Nchezie,-54,Nele,-83,Chizele,-80,Mzingo,-84,Chisoba,-88
BIWI,20180511-1900,Nchezie,-51,Chizele,-79,Mzingo,-81,Chisoba,-87,Nele,-81
BIWI,20180511-2001,Nchezie,-52,Chizele,-80,Mzingo,-80,Chisoba,-86,Nele,-80
BIWI,20180511-2100,Nchezie,-52,Chizele,-81,Mzingo,-82,Chisoba,-87,Nele,-82
BIWI,20180511-2201,Nchezie,-51,Chizele,-80,Mzingo,-80,Chisoba,-87,Nele,-81
BIWI,20180511-2301,Nchezie,-52,Chizele,-81,Mzingo,-82,Chisoba,-87,Nele,-80
BIWI,20180512-0000,Nchezie,-54,Chizele,-83,Chisoba,-90,Nele,-81,Mzingo,-82
BIWI,20180512-0100,Nchezie,-54,Chizele,-81,Chisoba,-88,Nele,-81,Mzingo,-82
BIWI,20180512-0200,Nchezie,-53,Chizele,-81,Chisoba,-89,Nele,-82,Mzingo,-82
BIWI,20180512-0301,Nchezie,-51,Chizele,-81,Chisoba,-87,Nele,-80,Mzingo,-81
BIWI,20180512-0401,Nchezie,-54,Chizele,-82,Nele,-83,Mzingo,-83,Chisoba,-90
BIWI,20180512-0502,Nchezie,-53,Chizele,-81,Mzingo,-82,Chisoba,-89,Nele,-82
BIWI,20180512-0600,Nchezie,-52,Chizele,-79,Mzingo,-81,Chisoba,-89,Nele,-82
BIWI,20180512-0700,Nchezie,-52,Chizele,-77,Chisoba,-86,Nele,-80,Mzingo,-82
BIWI,20180512-0801,Nchezie,-51,Chizele,-81,Chisoba,-86,Nele,-78,Mzingo,-82
BIWI,20180512-0901,Nchezie,-51,Chizele,-78,Chisoba,-86,Nele,-80,Mzingo,-82
BIWI,20180512-1001,Nchezie,-52,Chizele,-78,Chisoba,-87,Nele,-79,Mzingo,-81
BIWI,20180512-1100,Nchezie,-52,Chizele,-77,Chisoba,-85,Nele,-78,Mzingo,-81
BIWI,20180512-1201,Nchezie,-54,Chizele,-78,Chisoba,-87,Nele,-80,Mzingo,-82
BIWI,20180512-1301,Nchezie,-54,Chizele,-77,Chisoba,-88,Nele,-79,Mzingo,-82
BIWI,20180512-1400,Nchezie,-53,Chizele,-78,Chisoba,-87,Nele,-78,Mzingo,-82
BIWI,20180512-1501,Nchezie,-53,Chizele,-77,Chisoba,-90,Nele,-79,Mzingo,-81
BIWI,20180512-1600,Nchezie,-54,Chizele,-75,Chisoba,-87,Nele,-80,Mzingo,-82
BIWI,20180512-1700,Nchezie,-52,Chizele,-76,Chisoba,-87,Nele,-80,Mzingo,-82
BIWI,20180512-1800,Nchezie,-53,Chizele,-77,Chisoba,-87,Nele,-79,Mzingo,-81
BIWI,20180512-1900,Nchezie,-54,Chizele,-78,Chisoba,-87,Nele,-81,Mzingo,-82
BIWI,20180512-2001,Nchezie,-51,Chizele,-78,Nele,-79,Mzingo,-80,Chisoba,-87
BIWI,20180512-2100,Nchezie,-53,Chizele,-79,Nele,-79,Mzingo,-81,Chisoba,-89
BIWI,20180512-2201,Nchezie,-54,Chizele,-80,Nele,-80,Mzingo,-81,Chisoba,-89
BIWI,20180512-2300,Nchezie,-54,Chizele,-81,Nele,-80,Mzingo,-81,Chisoba,-88
BIWI,20180513-0000,Nchezie,-52,Chizele,-79,Nele,-80,Mzingo,-82,Chisoba,-88
BIWI,20180513-0101,Nchezie,-53,Chizele,-80,Nele,-79,Mzingo,-81,Chisoba,-88
BIWI,20180513-0200,Nchezie,-53,Chizele,-79,Nele,-80,Chisoba,-87,Mzingo,-82
BIWI,20180513-0300,Nchezie,-52,Chizele,-78,Nele,-79,Chisoba,-87,Mzingo,-80
BIWI,20180513-0402,Nchezie,-52,Chisoba,-89,Mzingo,-82,Chizele,-80,Nele,-79
BIWI,20180513-0500,Nchezie,-51,Chisoba,-89,Mzingo,-82,Chizele,-80,Nele,-80
BIWI,20180513-0600,Nchezie,-52,Chisoba,-88,Mzingo,-82,Nele,-80
BIWI,20180513-0701,Nchezie,-53,Mzingo,-81,Nele,-79,Chisoba,-87
BIWI,20180513-0801,Nchezie,-53,Mzingo,-82,Nele,-80,Chisoba,-88,Chizele,-80
BIWI,20180513-0900,Nchezie,-52,Chisoba,-89,Chizele,-79,Nele,-79,Mzingo,-83
BIWI,20180513-1001,Nchezie,-53,Chisoba,-90,Chizele,-77,Nele,-80,Mzingo,-82
BIWI,20180513-1101,Nchezie,-53,Chisoba,-90,Mzingo,-83,Chizele,-76
BIWI,20180513-1200,Nchezie,-54,Chisoba,-92,Mzingo,-82,Chizele,-79,Nele,-78
BIWI,20180513-1301,Nchezie,-54,Chisoba,-91,Mzingo,-83,Chizele,-77,Nele,-80
BIWI,20180513-1401,Nchezie,-53,Chisoba,-87,Chizele,-81,Nele,-79,Mzingo,-81
BIWI,20180513-1501,Nchezie,-53,Chizele,-74,Nele,-79,Mzingo,-81,Chisoba,-85
BIWI,20180513-1600,Nchezie,-53,Chizele,-77,Nele,-80,Mzingo,-81,Chisoba,-89
BIWI,20180513-1700,Nchezie,-52,Chizele,-77,Nele,-78,Mzingo,-82,Chisoba,-87
BIWI,20180513-1801,Nchezie,-53,Chizele,-77,Nele,-79,Mzingo,-82,Chisoba,-90
BIWI,20180513-1902,Nchezie,-53,Chizele,-78,Nele,-80,Mzingo,-81,Chisoba,-89
BIWI,20180513-2000,Nchezie,-52,Chizele,-77,Mzingo,-80,Chisoba,-88,Nele,-78
BIWI,20180513-2100,Nchezie,-52,Chizele,-78,Chisoba,-89,Nele,-77,Mzingo,-80
BIWI,20180513-2200,Nchezie,-53,Chizele,-79,Chisoba,-88,Nele,-79,Mzingo,-82
BIWI,20180513-2301,Nchezie,-51,Chizele,-78,Chisoba,-87,Nele,-78,Mzingo,-81
BIWI,20180514-0000,Nchezie,-52,Chizele,-80,Chisoba,-88,Mzingo,-81,Nele,-78
BIWI,20180514-0101,Nchezie,-54,Chizele,-80,Chisoba,-89,Mzingo,-83,Nele,-80
BIWI,20180514-0200,Nchezie,-53,Chizele,-79,Chisoba,-89,Mzingo,-83,Nele,-80
BIWI,20180514-0301,Nchezie,-52,Chizele,-79,Chisoba,-89,Mzingo,-81,Nele,-78
BIWI,20180514-0401,Nchezie,-55,Chisoba,-90,Nele,-80,Mzingo,-83
BIWI,20180514-0500,Nchezie,-52,Chisoba,-85,Nele,-79,Mzingo,-82
BIWI,20180514-0600,Nchezie,-53,Chisoba,-86,Nele,-79,Mzingo,-82
BIWI,20180514-0701,Nchezie,-51,Chisoba,-86,Nele,-79,Mzingo,-82
BIWI,20180514-0800,Nchezie,-52,Chisoba,-88,Nele,-79,Mzingo,-82,Chizele,-76
BIWI,20180514-0900,Nchezie,-51,Chisoba,-85,Nele,-79,Mzingo,-81,Chizele,-80
BIWI,20180514-1000,Nchezie,-52,Chisoba,-87,Nele,-81,Chizele,-77,Mzingo,-83
BIWI,20180514-1101,Nchezie,-53,Chisoba,-87,Nele,-80,Chizele,-78,Mzingo,-83
BIWI,20180514-1200,Nchezie,-52,Chisoba,-88,Nele,-79,Chizele,-77,Mzingo,-82
BIWI,20180514-1301,Nchezie,-52,Chisoba,-88,Nele,-79,Chizele,-76,Mzingo,-81
BIWI,20180514-1400,Nchezie,-53,Nele,-79,Chizele,-77,Mzingo,-81,Chisoba,-85
BIWI,20180514-1500,Nchezie,-53,Nele,-81,Chizele,-75,Mzingo,-82,Chisoba,-87
BIWI,20180514-1600,Nchezie,-53,Nele,-80,Chizele,-75,Mzingo,-82,Chisoba,-87
BIWI,20180514-1701,Nchezie,-54,Chizele,-75,Chisoba,-86,Nele,-80,Mzingo,-82
BIWI,20180514-1800,Nchezie,-51,Chizele,-76,Chisoba,-85,Nele,-79,Mzingo,-81
BIWI,20180514-1901,Nchezie,-51,Chizele,-77,Chisoba,-86,Nele,-79,Mzingo,-81
BIWI,20180514-2001,Nchezie,-51,Chizele,-78,Chisoba,-85,Nele,-78,Mzingo,-81
BIWI,20180514-2100,Nchezie,-51,Chizele,-77,Nele,-77,Mzingo,-81,Chisoba,-85
BIWI,20180514-2200,Nchezie,-52,Chizele,-77,Nele,-78,Mzingo,-81,Chisoba,-87
BIWI,20180514-2301,Nchezie,-52,Chizele,-77,Nele,-79,Mzingo,-81,Chisoba,-87
BIWI,20180515-0000,Nchezie,-52,Chizele,-77,Chisoba,-86,Nele,-78,Mzingo,-81
BIWI,20180515-0101,Nchezie,-52,Chizele,-77,Chisoba,-86,Nele,-79,Mzingo,-81
BIWI,20180515-0200,Nchezie,-51,Chizele,-78,Chisoba,-87,Nele,-79,Mzingo,-82
BIWI,20180515-0301,Nchezie,-53,Chizele,-79,Chisoba,-89,Nele,-79,Mzingo,-82
BIWI,20180515-0401,Nchezie,-53,Chizele,-78,Nele,-80,Mzingo,-82,Chisoba,-87
BIWI,20180515-0501,Nchezie,-52,Nele,-79,Mzingo,-82,Chisoba,-87
BIWI,20180515-0601,Nchezie,-53,Chisoba,-87,Nele,-80,Mzingo,-82
BIWI,20180515-0701,Nchezie,-52,Chisoba,-87,Nele,-79,Mzingo,-82
BIWI,20180515-0800,Nchezie,-52,Chisoba,-85,Nele,-79,Mzingo,-81,Chizele,-77
BIWI,20180515-0901,Nchezie,-52,Chisoba,-86,Nele,-80,Mzingo,-83,Chizele,-77
BIWI,20180515-1001,Nchezie,-52,Nele,-80,Mzingo,-83,Chizele,-79,Chisoba,-86
BIWI,20180515-1100,Nchezie,-52,Nele,-80,Mzingo,-82,Chizele,-77,Chisoba,-86
BIWI,20180515-1201,Nchezie,-53,Nele,-80,Mzingo,-83,Chizele,-77,Chisoba,-90
BIWI,20180515-1302,Nchezie,-53,Nele,-79,Chizele,-76,Chisoba,-87,Mzingo,-82
BIWI,20180515-1400,Nchezie,-51,Nele,-78,Chizele,-75,Chisoba,-87,Mzingo,-81
BIWI,20180515-1501,Nchezie,-53,Nele,-80,Chizele,-77,Chisoba,-88,Mzingo,-82
BIWI,20180515-1601,Nchezie,-53,Nele,-80,Chizele,-76,Mzingo,-82,Chisoba,-89
BIWI,20180515-1700,Nchezie,-52,Nele,-80,Chizele,-76,Mzingo,-82,Chisoba,-89
BIWI,20180515-1800,Nchezie,-52,Nele,-79,Chizele,-75,Mzingo,-82,Chisoba,-87
BIWI,20180515-1901,Nchezie,-52,Nele,-80,Chizele,-76,Chisoba,-87,Mzingo,-82
BIWI,20180515-2000,Nchezie,-51,Nele,-79,Chizele,-78,Chisoba,-85,Mzingo,-81
BIWI,20180515-2101,Nchezie,-52,Nele,-79,Chisoba,-87,Mzingo,-81,Chizele,-77
BIWI,20180515-2201,Nchezie,-52,Nele,-79,Chisoba,-90,Mzingo,-81,Chizele,-76
BIWI,20180515-2301,Nchezie,-52,Nele,-79,Chisoba,-89,Mzingo,-81,Chizele,-75
BIWI,20180516-0000,Nchezie,-51,Nele,-78,Chisoba,-89,Mzingo,-80,Chizele,-77
BIWI,20180516-0101,Nchezie,-51,Nele,-79,Chisoba,-88,Mzingo,-80,Chizele,-76
BIWI,20180516-0201,Nchezie,-52,Nele,-78,Chisoba,-88,Chizele,-76,Mzingo,-80
BIWI,20180516-0301,Nchezie,-52,Nele,-79,Chisoba,-88,Chizele,-77,Mzingo,-81
BIWI,20180516-0400,Nchezie,-52,Nele,-78,Chizele,-77,Mzingo,-80,Chisoba,-89
BIWI,20180516-0501,Nchezie,-53,Nele,-81,Chizele,-78,Mzingo,-83,Chisoba,-90
BIWI,20180516-0601,Nchezie,-52,Nele,-80,Mzingo,-81,Chisoba,-89
BIWI,20180516-0700,Nchezie,-52,Nele,-79,Mzingo,-82,Chisoba,-89
BIWI,20180516-0800,Nchezie,-52,Nele,-80,Chisoba,-88,Chizele,-78,Mzingo,-83
BIWI,20180516-0901,Nchezie,-52,Nele,-79,Chisoba,-86,Chizele,-77,Mzingo,-81
BIWI,20180516-1000,Nchezie,-53,Nele,-80,Chisoba,-87,Chizele,-78,Mzingo,-82
BIWI,20180516-1100,Nchezie,-52,Nele,-79,Chisoba,-88,Chizele,-76,Mzingo,-82
BIWI,20180516-1201,Nchezie,-51,Nele,-78,Chisoba,-88,Chizele,-75,Mzingo,-81
BIWI,20180516-1300,Nchezie,-52,Nele,-79,Chisoba,-89,Chizele,-76,Mzingo,-82
BIWI,20180516-1400,Nchezie,-52,Nele,-79,Chisoba,-89,Chizele,-77,Mzingo,-82
BIWI,20180516-1501,Nchezie,-52,Nele,-80,Chizele,-77,Chisoba,-86,Mzingo,-81
BIWI,20180516-1600,Nchezie,-54,Nele,-80,Chizele,-73,Chisoba,-90,Mzingo,-84
BIWI,20180516-1701,Nchezie,-52,Nele,-78,Chizele,-78,Chisoba,-88,Mzingo,-82
BIWI,20180516-1801,Nchezie,-52,Nele,-80,Chizele,-77,Chisoba,-90,Mzingo,-82
BIWI,20180516-1900,Nchezie,-52,Nele,-78,Chizele,-76,Chisoba,-87,Mzingo,-81
BIWI,20180516-2000,Nchezie,-52,Nele,-78,Chizele,-77,Chisoba,-86,Mzingo,-81
BIWI,20180516-2100,Nchezie,-52,Nele,-77,Chizele,-76,Chisoba,-87,Mzingo,-82
BIWI,20180516-2200,Nchezie,-52,Nele,-78,Chizele,-77,Mzingo,-81,Chisoba,-89
BIWI,20180516-2301,Nchezie,-51,Nele,-78,Chizele,-76,Mzingo,-81,Chisoba,-89
BIWI,20180517-0002,Nchezie,-55,Nele,-79,Chizele,-78,Mzingo,-84,Chisoba,-91
BIWI,20180517-0101,Nchezie,-52,Nele,-79,Chizele,-75,Mzingo,-81,Chisoba,-87
BIWI,20180517-0200,Nchezie,-54,Nele,-79,Chizele,-78,Mzingo,-83,Chisoba,-89
BIWI,20180517-0301,Nchezie,-52,Nele,-78,Chizele,-78,Mzingo,-82,Chisoba,-88
BIWI,20180517-0400,Nchezie,-53,Chisoba,-88,Nele,-79,Mzingo,-82
BIWI,20180517-0500,Nchezie,-52,Chisoba,-87,Nele,-79,Mzingo,-82
BIWI,20180517-0600,Nchezie,-53,Chisoba,-87,Nele,-81,Mzingo,-83
BIWI,20180517-0701,Nchezie,-51,Chisoba,-86,Nele,-79,Mzingo,-82
BIWI,20180517-0801,Nchezie,-52,Chisoba,-88,Nele,-80,Mzingo,-82
BIWI,20180517-0900,Nchezie,-52,Chisoba,-87,Nele,-80,Mzingo,-82,Chizele,-80
BIWI,20180517-1000,Nchezie,-52,Chisoba,-89,Nele,-80,Mzingo,-84,Chizele,-78
BIWI,20180517-1101,Nchezie,-52,Chisoba,-87,Nele,-78,Chizele,-76,Mzingo,-81
BIWI,20180517-1201,Nchezie,-53,Chisoba,-91,Nele,-80,Chizele,-78,Mzingo,-84
BIWI,20180517-1301,Nchezie,-54,Chisoba,-89,Chizele,-79,Nele,-81,Mzingo,-84
BIWI,20180517-1401,Nchezie,-53,Chisoba,-89,Chizele,-76,Nele,-79,Mzingo,-83
BIWI,20180517-1500,Nchezie,-53,Chisoba,-88,Chizele,-77,Nele,-79,Mzingo,-82
BIWI,20180517-1601,Nchezie,-53,Chisoba,-88,Chizele,-74,Nele,-79,Mzingo,-82
BIWI,20180517-1701,Nchezie,-52,Nele,-78,Mzingo,-82,Chizele,-75,Chisoba,-86
BIWI,20180517-1801,Nchezie,-52,Nele,-79,Mzingo,-82,Chizele,-78,Chisoba,-88
BIWI,20180517-1901,Nchezie,-51,Nele,-78,Mzingo,-82,Chizele,-76,Chisoba,-88
BIWI,20180517-2000,Nchezie,-51,Nele,-78,Mzingo,-82,Chizele,-76,Chisoba,-87
BIWI,20180517-2101,Nchezie,-54,Nele,-79,Mzingo,-82,Chizele,-76,Chisoba,-90
BIWI,20180517-2200,Nchezie,-53,Nele,-79,Mzingo,-82,Chizele,-78,Chisoba,-90
BIWI,20180517-2300,Nchezie,-54,Nele,-79,Mzingo,-83,Chizele,-77,Chisoba,-88
BIWI,20180518-0000,Nchezie,-53,Chizele,-76,Chisoba,-88,Nele,-79,Mzingo,-82
BIWI,20180518-0101,Nchezie,-52,Chizele,-77,Chisoba,-88,Nele,-79,Mzingo,-81
BIWI,20180518-0800,Nchezie,-51,Chizele,-76,Mzingo,-82,Nele,-78,Chisoba,-89
BIWI,20180518-0900,Nchezie,-51,Chizele,-76,Mzingo,-83,Nele,-79,Chisoba,-87
BIWI,20180518-1000,Nchezie,-52,Chizele,-79,Mzingo,-82,Nele,-79,Chisoba,-87
BIWI,20180518-1101,Nchezie,-52,Chizele,-78,Chisoba,-89,Nele,-79,Mzingo,-83
BIWI,20180518-1201,Nchezie,-54,Chizele,-78,Chisoba,-87,Nele,-81,Mzingo,-83
BIWI,20180518-1300,Nchezie,-52,Chizele,-77,Chisoba,-91,Nele,-80,Mzingo,-83
BIWI,20180518-1400,Nchezie,-53,Chizele,-77,Chisoba,-89,Nele,-78,Mzingo,-82
BIWI,20180518-1500,Nchezie,-53,Chizele,-76,Chisoba,-89,Nele,-78,Mzingo,-83
BIWI,20180518-1601,Nchezie,-52,Chizele,-76,Chisoba,-88,Nele,-80,Mzingo,-83
BIWI,20180518-1700,Nchezie,-52,Chizele,-77,Chisoba,-88,Nele,-79,Mzingo,-81
BIWI,20180518-1801,Nchezie,-54,Chizele,-76,Chisoba,-87,Nele,-78,Mzingo,-82
BIWI,20180518-1901,Nchezie,-52,Chizele,-75,Chisoba,-88,Nele,-78,Mzingo,-81
BIWI,20180518-2001,Nchezie,-52,Chizele,-75,Chisoba,-87,Nele,-78,Mzingo,-81
BIWI,20180518-2101,Nchezie,-51,Chizele,-73,Chisoba,-89,Nele,-78,Mzingo,-81
BIWI,20180518-2201,Nchezie,-52,Chisoba,-89,Nele,-78,Mzingo,-82
BIWI,20180518-2300,Nchezie,-53,Chisoba,-89,Nele,-80,Mzingo,-83
BIWI,20180519-0001,Nchezie,-53,Chisoba,-88,Nele,-79,Mzingo,-82
BIWI,20180519-0101,Nchezie,-53,Chisoba,-90,Nele,-79,Mzingo,-81
BIWI,20180519-0200,Nchezie,-52,Nele,-78,Mzingo,-82,Chisoba,-89
BIWI,20180519-0300,Nchezie,-52,Nele,-78,Mzingo,-81,Chisoba,-89
BIWI,20180519-0400,Nchezie,-51,Nele,-78,Mzingo,-81,Chisoba,-89
BIWI,20180519-0501,Nchezie,-53,Nele,-79,Mzingo,-82,Chisoba,-89
BIWI,20180519-0601,Nchezie,-52,Chisoba,-87,Nele,-79,Mzingo,-82
BIWI,20180519-0700,Nchezie,-52,Chisoba,-87,Nele,-77,Mzingo,-81
BIWI,20180519-0800,Nchezie,-52,Chisoba,-87,Nele,-79,Mzingo,-81,Chizele,-78
BIWI,20180519-0902,Nchezie,-54,Chizele,-77,Nele,-82,Mzingo,-82,Chisoba,-88
BIWI,20180519-1001,Nchezie,-54,Chizele,-77,Nele,-80,Mzingo,-84,Chisoba,-88
BIWI,20180519-1100,Nchezie,-53,Chizele,-77,Nele,-79,Mzingo,-81,Chisoba,-87
BIWI,20180519-1200,Nchezie,-52,Chizele,-75,Nele,-79,Chisoba,-86
BIWI,20180519-1301,Nchezie,-51,Chizele,-75,Nele,-78,Mzingo,-81,Chisoba,-86
BIWI,20180519-1401,Nchezie,-53,Chizele,-75,Nele,-78,Mzingo,-81,Chisoba,-85
BIWI,20180519-1500,Nchezie,-52,Chizele,-76,Nele,-77,Mzingo,-81,Chisoba,-86
BIWI,20180519-1601,Nchezie,-52,Chizele,-78,Nele,-78,Mzingo,-81,Chisoba,-87
BIWI,20180519-1701,Nchezie,-51,Chizele,-75,Nele,-77,Mzingo,-82,Chisoba,-86
BIWI,20180519-1801,Nchezie,-52,Chizele,-76,Nele,-77,Mzingo,-81,Chisoba,-85
BIWI,20180519-1900,Nchezie,-53,Chizele,-76,Chisoba,-86,Nele,-79,Mzingo,-82
BIWI,20180519-2001,Nchezie,-53,Chizele,-77,Chisoba,-88,Nele,-79,Mzingo,-82
BIWI,20180519-2101,Nchezie,-52,Chizele,-75,Nele,-79,Mzingo,-81,Chisoba,-87
BIWI,20180520-0800,Nchezie,-52,Mzingo,-83,Chizele,-78
BIWI,20180520-0901,Nchezie,-52,Mzingo,-83,Chizele,-78
BIWI,20180520-1001,Nchezie,-53,Mzingo,-83,Chizele,-76
BIWI,20180520-1101,Nchezie,-52,Mzingo,-82,Chizele,-77
BIWI,20180520-1200,Nchezie,-53,Mzingo,-83,Chizele,-77
BIWI,20180520-1300,Nchezie,-52,Mzingo,-84,Chizele,-77
BIWI,20180520-1400,Nchezie,-52,Chizele,-77,Mzingo,-83
BIWI,20180520-1501,Nchezie,-52,Chizele,-78,Mzingo,-81
BIWI,20180520-1600,Nchezie,-53,Chizele,-78,Mzingo,-82
BIWI,20180520-1701,Nchezie,-52,Chizele,-76,Mzingo,-81
BIWI,20180520-1800,Nchezie,-54,Chizele,-79,Mzingo,-84
BIWI,20180520-1900,Nchezie,-53,Chizele,-79,Mzingo,-83
BIWI,20180520-2001,Nchezie,-52,Chizele,-78,Mzingo,-82
BIWI,20180520-2100,Nchezie,-51,Chizele,-76,Mzingo,-80
BIWI,20180520-2201,Nchezie,-51,Chizele,-77,Mzingo,-82
BIWI,20180521-0800,Nchezie,-52,Chisoba,-89,Mzingo,-83
BIWI,20180521-0900,Nchezie,-51,Chisoba,-84,Mzingo,-83,Chizele,-79
BIWI,20180521-1000,Nchezie,-52,Chisoba,-85,Mzingo,-83,Chizele,-77
BIWI,20180521-1100,Nchezie,-54,Chisoba,-88,Chizele,-77,Mzingo,-84
BIWI,20180521-1200,Nchezie,-52,Chisoba,-86,Chizele,-76,Mzingo,-82
BIWI,20180521-1302,Nchezie,-52,Chisoba,-87,Chizele,-77,Mzingo,-81
BIWI,20180521-1400,Nchezie,-52,Chisoba,-85,Chizele,-75,Mzingo,-82
BIWI,20180521-1500,Nchezie,-52,Chisoba,-89,Chizele,-76,Mzingo,-83
BIWI,20180521-1601,Nchezie,-52,Chisoba,-85,Chizele,-76,Mzingo,-82,Nele,-79
BIWI,20180521-1700,Nchezie,-52,Chisoba,-87,Chizele,-76,Nele,-77,Mzingo,-81
BIWI,20180521-1801,Nchezie,-51,Chisoba,-88,Chizele,-77,Nele,-79,Mzingo,-81
BIWI,20180521-1901,Nchezie,-52,Chisoba,-87,Chizele,-76,Nele,-78,Mzingo,-82
BIWI,20180522-0800,Nele,-79,Nchezie,-52,Mzingo,-81,Chisoba,-86,Chizele,-75
BIWI,20180522-0901,Nele,-79,Nchezie,-53,Mzingo,-82,Chisoba,-85,Chizele,-77
BIWI,20180522-1001,Nchezie,-52,Chisoba,-87,Chizele,-78,Nele,-77,Mzingo,-83
BIWI,20180522-1100,Nchezie,-52,Chisoba,-87,Chizele,-76,Nele,-78,Mzingo,-82
BIWI,20180522-1201,Nchezie,-52,Chisoba,-87,Chizele,-73,Nele,-77,Mzingo,-83
BIWI,20180522-1300,Nchezie,-54,Chisoba,-88,Chizele,-78,Nele,-79,Mzingo,-82
BIWI,20180522-1401,Nchezie,-53,Chisoba,-90,Chizele,-78,Nele,-80,Mzingo,-82
BIWI,20180522-1500,Nchezie,-53,Chisoba,-85,Chizele,-78,Nele,-79,Mzingo,-82
BIWI,20180522-1601,Nchezie,-53,Chisoba,-89,Chizele,-77,Nele,-78,Mzingo,-82
BIWI,20180522-1700,Nchezie,-54,Chisoba,-89,Chizele,-76,Nele,-79,Mzingo,-83
BIWI,20180523-0800,Nele,-80,Nchezie,-54,Mzingo,-84,Chizele,-80
BIWI,20180523-0901,Nele,-78,Nchezie,-54,Mzingo,-83,Chizele,-79
BIWI,20180523-1001,Nele,-80,Nchezie,-52,Mzingo,-83,Chizele,-78
BIWI,20180523-1100,Nele,-78,Nchezie,-54,Mzingo,-83,Chizele,-75
BIWI,20180523-1201,Nele,-80,Nchezie,-54,Chizele,-76,Mzingo,-83
BIWI,20180523-1300,Nele,-80,Nchezie,-51,Chizele,-76,Mzingo,-82
BIWI,20180523-1400,Nele,-78,Nchezie,-54,Chizele,-75,Mzingo,-84
BIWI,20180523-1500,Nchezie,-53,Chizele,-77,Nele,-79,Mzingo,-84
BIWI,20180523-1601,Nchezie,-53,Chizele,-75,Nele,-79,Mzingo,-83
BIWI,20180523-1701,Nchezie,-52,Chizele,-74,Nele,-77,Mzingo,-83
BIWI,20180523-1800,Nchezie,-55,Chizele,-77,Nele,-79,Mzingo,-85
BIWI,20180523-1900,Nchezie,-51,Chizele,-75,Nele,-77,Mzingo,-82
BIWI,20180523-2000,Nchezie,-52,Chizele,-75,Nele,-77,Mzingo,-82,Chisoba,-89
BIWI,20180523-2100,Nchezie,-51,Chizele,-75,Nele,-77,Chisoba,-88,Mzingo,-82
BIWI,20180523-2201,Nchezie,-52,Chizele,-76,Nele,-78,Chisoba,-88,Mzingo,-82
BIWI,20180523-2300,Nchezie,-52,Chizele,-76,Nele,-78,Chisoba,-89,Mzingo,-84
BIWI,20180524-0802,Chizele,-76,Nchezie,-52,Chisoba,-88,Mzingo,-85
BIWI,20180524-0901,Chizele,-76,Nchezie,-53,Chisoba,-88,Mzingo,-83
BIWI,20180524-1000,Chizele,-75,Nchezie,-52,Chisoba,-87,Mzingo,-83
BIWI,20180524-1101,Chizele,-77,Nchezie,-53,Chisoba,-88,Mzingo,-83,Chitawa,-91
BIWI,20180524-1201,Chizele,-76,Nchezie,-53,Chisoba,-86,Mzingo,-83
BIWI,20180524-1301,Chizele,-78,Nchezie,-54,Chisoba,-85,Mzingo,-84
BIWI,20180524-1401,Chizele,-76,Nchezie,-53,Chisoba,-84,Mzingo,-83
BIWI,20180524-1501,Chizele,-77,Nchezie,-52,Chisoba,-85,Mzingo,-83
BIWI,20180524-1601,Chizele,-81,Nchezie,-54,Chisoba,-87,Mzingo,-84
BIWI,20180524-1701,Chizele,-76,Nchezie,-52,Chisoba,-85,Mzingo,-82,Chitawa,-91
BIWI,20180524-1801,Chizele,-78,Nchezie,-53,Chisoba,-87,Mzingo,-84,Nele,-78
BIWI,20180524-1901,Chizele,-79,Nchezie,-52,Chisoba,-87,Mzingo,-83,Nele,-78
BIWI,20180524-2001,Chizele,-77,Nchezie,-51,Chisoba,-88,Mzingo,-81,Nele,-77
BIWI,20180524-2100,Chizele,-79,Nchezie,-52,Chisoba,-85,Nele,-78,Mzingo,-83
BIWI,20180524-2200,Chizele,-76,Nchezie,-52,Chisoba,-87,Nele,-78,Mzingo,-82
BIWI,20180524-2301,Chizele,-77,Nchezie,-53,Chisoba,-88,Nele,-78,Mzingo,-83
BIWI,20180525-0000,Chizele,-76,Nchezie,-51,Chisoba,-86,Nele,-77,Mzingo,-82
BIWI,20180525-0101,Chizele,-77,Nchezie,-52,Chisoba,-89,Nele,-78,Mzingo,-83
BIWI,20180525-0201,Chizele,-77,Nchezie,-52,Chisoba,-89,Nele,-78,Mzingo,-83
BIWI,20180525-0300,Chizele,-78,Nchezie,-52,Nele,-77,Mzingo,-84,Chisoba,-91
BIWI,20180525-0401,Chizele,-76,Nchezie,-52,Chisoba,-88,Mzingo,-82,Nele,-78
BIWI,20180525-0501,Chizele,-78,Nchezie,-53,Chisoba,-91,Mzingo,-84,Nele,-79
BIWI,20180525-0800,Nchezie,-53,Chizele,-78,Nele,-77,Chisoba,-87,Mzingo,-83
BIWI,20180525-0900,Nchezie,-51,Chizele,-74,Nele,-79,Chisoba,-84,Mzingo,-83,Chitawa,-90
BIWI,20180525-1001,Nchezie,-52,Chizele,-75,Nele,-79,Chisoba,-86,Mzingo,-83,Chitawa,-91
BIWI,20180525-1101,Nchezie,-52,Chizele,-75,Chisoba,-85,Nele,-78,Mzingo,-83
BIWI,20180525-1200,Nchezie,-52,Chizele,-76,Chisoba,-86,Nele,-79,Mzingo,-83
BIWI,20180525-1301,Nchezie,-53,Chizele,-80,Chisoba,-88,Nele,-78,Mzingo,-84
BIWI,20180525-1400,Nchezie,-53,Chizele,-77,Chisoba,-87,Nele,-79,Mzingo,-83
BIWI,20180525-1501,Nchezie,-53,Chizele,-78,Chisoba,-85,Nele,-80,Mzingo,-83
BIWI,20180525-1601,Nchezie,-53,Chizele,-76,Chisoba,-85,Nele,-78,Mzingo,-83
BIWI,20180525-1700,Nchezie,-52,Chizele,-79,Chisoba,-83,Nele,-77,Mzingo,-83
BIWI,20180525-1801,Nchezie,-53,Chizele,-80,Chisoba,-87,Nele,-78,Mzingo,-84
BIWI,20180525-1901,Nchezie,-52,Chizele,-77,Chisoba,-87,Nele,-77,Mzingo,-81
BIWI,20180525-2001,Nchezie,-52,Chizele,-78,Chisoba,-88,Nele,-77,Mzingo,-83
BIWI,20180525-2101,Nchezie,-52,Chisoba,-88,Nele,-78,Mzingo,-84
BIWI,20180526-0801,Nchezie,-53,Chizele,-79,Nele,-79,Mzingo,-84
BIWI,20180526-0900,Nchezie,-52,Chizele,-78,Nele,-79,Mzingo,-83,Chisoba,-87
BIWI,20180526-1000,Nchezie,-52,Chizele,-78,Nele,-79,Mzingo,-84,Chisoba,-87
BIWI,20180526-1101,Nchezie,-51,Chizele,-79,Nele,-81,Mzingo,-85,Chisoba,-86
BIWI,20180526-1201,Nchezie,-55,Chizele,-78,Nele,-81,Mzingo,-84,Chisoba,-86
BIWI,20180526-1300,Nchezie,-54,Chizele,-77,Nele,-82,Mzingo,-86,Chisoba,-87
BIWI,20180526-1401,Nchezie,-53,Chizele,-75,Nele,-79,Chisoba,-86,Mzingo,-84
BIWI,20180526-1501,Nchezie,-53,Chizele,-77,Nele,-78,Chisoba,-87,Mzingo,-83
BIWI,20180526-1601,Nchezie,-53,Chizele,-78,Nele,-80,Chisoba,-86,Mzingo,-84
BIWI,20180526-1700,Nchezie,-53,Chizele,-75,Nele,-78,Chisoba,-85,Mzingo,-83
BIWI,20180526-1801,Nchezie,-52,Chizele,-76,Nele,-78,Chisoba,-85,Mzingo,-84
BIWI,20180526-1901,Nchezie,-52,Chizele,-77,Nele,-76,Chisoba,-85,Mzingo,-82
BIWI,20180526-2000,Nchezie,-51,Chizele,-78,Nele,-77,Chisoba,-85,Mzingo,-82
BIWI,20180526-2100,Nchezie,-53,Chizele,-79,Nele,-78,Chisoba,-87,Mzingo,-83
BIWI,20180526-2200,Nchezie,-52,Chizele,-81,Nele,-77,Chisoba,-86,Mzingo,-83
BIWI,20180526-2301,Nchezie,-52,Chizele,-79,Nele,-78,Chisoba,-87,Mzingo,-83
BIWI,20180527-0000,Nchezie,-54,Chizele,-80,Nele,-80,Chisoba,-89,Mzingo,-83
BIWI,20180527-0101,Nchezie,-52,Chizele,-79,Nele,-78,Chisoba,-88,Mzingo,-82
BIWI,20180527-0201,Nchezie,-52,Chizele,-79,Nele,-78,Chisoba,-89,Mzingo,-84
BIWI,20180527-0300,Nchezie,-52,Chizele,-78,Nele,-77,Chisoba,-86,Mzingo,-83
BIWI,20180527-0400,Nchezie,-53,Chizele,-80,Chisoba,-89,Mzingo,-84,Nele,-80
BIWI,20180527-0801,Nele,-80,Nchezie,-53,Chizele,-77,Chisoba,-90,Mzingo,-84
BIWI,20180527-0901,Nele,-78,Nchezie,-53,Chizele,-77,Chisoba,-86,Mzingo,-84
BIWI,20180527-1001,Nele,-79,Nchezie,-53,Chizele,-77,Chisoba,-86,Mzingo,-83
BIWI,20180527-1101,Nele,-80,Nchezie,-52,Chizele,-77,Chisoba,-86,Mzingo,-83
BIWI,20180527-1200,Nele,-82,Nchezie,-53,Chizele,-77,Chisoba,-87,Mzingo,-85
BIWI,20180527-1301,Nele,-79,Nchezie,-54,Chizele,-79,Chisoba,-87,Mzingo,-83
BIWI,20180527-1400,Nele,-80,Nchezie,-54,Chizele,-77,Chisoba,-90,Mzingo,-84
BIWI,20180527-1501,Nele,-80,Nchezie,-53,Chizele,-75,Chisoba,-85,Mzingo,-83,Chitawa,-92
BIWI,20180527-1600,Nele,-80,Nchezie,-54,Chizele,-76,Chisoba,-85,Mzingo,-84
BIWI,20180527-1700,Nele,-79,Nchezie,-53,Chizele,-75,Chisoba,-88,Mzingo,-85
BIWI,20180527-1801,Nele,-77,Nchezie,-52,Chizele,-79,Chisoba,-86,Mzingo,-84
BIWI,20180527-1901,Nele,-79,Nchezie,-53,Chizele,-79,Chisoba,-89,Mzingo,-84
BIWI,20180527-2001,Nchezie,-52,Chizele,-77,Chisoba,-86,Mzingo,-82,Nele,-77
BIWI,20180527-2101,Nchezie,-52,Chizele,-78,Chisoba,-87,Mzingo,-83,Nele,-78
BIWI,20180527-2201,Nchezie,-52,Chizele,-78,Chisoba,-89,Mzingo,-83,Nele,-78
BIWI,20180527-2300,Nchezie,-52,Chizele,-79,Mzingo,-83,Nele,-78,Chisoba,-89
BIWI,20180528-0000,Nchezie,-52,Chizele,-76,Mzingo,-82,Nele,-78,Chisoba,-88
BIWI,20180528-0101,Nchezie,-52,Chizele,-77,Nele,-77,Chisoba,-87,Mzingo,-81
BIWI,20180528-0201,Nchezie,-53,Chizele,-77,Nele,-80,Chisoba,-91,Mzingo,-84
BIWI,20180528-0301,Nchezie,-52,Chizele,-77,Nele,-78,Chisoba,-90,Mzingo,-82
BIWI,20180528-0801,Nele,-78,Mzingo,-83,Nchezie,-51,Chisoba,-88,Chizele,-76
BIWI,20180528-0901,Nele,-77,Mzingo,-83,Nchezie,-52,Chisoba,-88,Chizele,-76
BIWI,20180528-1001,Nele,-78,Mzingo,-84,Nchezie,-54,Chisoba,-84,Chizele,-81
BIWI,20180528-1101,Nele,-79,Mzingo,-84,Nchezie,-51,Chisoba,-85,Chizele,-77
BIWI,20180528-1200,Nele,-79,Mzingo,-84,Nchezie,-53,Chisoba,-86,Chizele,-80
BIWI,20180528-1300,Nele,-81,Mzingo,-85,Nchezie,-53,Chisoba,-88,Chizele,-80
BIWI,20180528-1400,Nele,-79,Mzingo,-86,Nchezie,-54,Chisoba,-87,Chizele,-78
BIWI,20180528-1501,Nele,-80,Mzingo,-85,Nchezie,-55,Chisoba,-87,Chizele,-79,Chitawa,-92
BIWI,20180528-1600,Nele,-79,Mzingo,-84,Nchezie,-53,Chisoba,-86,Chizele,-78
BIWI,20180528-1700,Nele,-80,Mzingo,-84,Nchezie,-52,Chisoba,-86,Chizele,-77
BIWI,20180528-1801,Nele,-78,Mzingo,-84,Nchezie,-52,Chisoba,-87,Chizele,-77
BIWI,20180528-1901,Nele,-77,Mzingo,-83,Nchezie,-52,Chizele,-77,Chisoba,-86
BIWI,20180528-2001,Nele,-77,Mzingo,-82,Nchezie,-51,Chizele,-76,Chisoba,-88
BIWI,20180528-2101,Nele,-78,Nchezie,-52,Chizele,-77,Chisoba,-88,Mzingo,-84
BIWI,20180528-2201,Nele,-78,Nchezie,-54,Chizele,-77,Chisoba,-89,Mzingo,-82
BIWI,20180528-2300,Nele,-77,Nchezie,-52,Chizele,-76,Chisoba,-88,Mzingo,-81
BIWI,20180529-0802,Nele,-79,Nchezie,-52,Mzingo,-83,Chisoba,-90,Chizele,-76
BIWI,20180529-0900,Nele,-81,Nchezie,-52,Mzingo,-83,Chisoba,-90,Chizele,-76,Chitawa,-92
BIWI,20180529-1000,Nele,-79,Nchezie,-53,Mzingo,-83,Chisoba,-86,Chizele,-78
BIWI,20180529-1100,Nele,-78,Nchezie,-52,Mzingo,-84,Chisoba,-85,Chizele,-78
BIWI,20180529-1201,Nele,-80,Nchezie,-53,Mzingo,-83,Chisoba,-83,Chizele,-75
BIWI,20180529-1300,Nele,-78,Nchezie,-54,Mzingo,-83,Chisoba,-86,Chizele,-76
BIWI,20180529-1401,Nele,-78,Nchezie,-52,Mzingo,-83,Chisoba,-87,Chizele,-77
BIWI,20180529-1501,Nele,-77,Nchezie,-52,Mzingo,-83,Chisoba,-87,Chizele,-77
BIWI,20180529-1600,Nele,-77,Nchezie,-53,Mzingo,-83,Chisoba,-87,Chizele,-76
BIWI,20180529-1701,Nele,-77,Chisoba,-85,Nchezie,-52,Chizele,-75,Mzingo,-84
BIWI,20180529-1800,Nele,-77,Chisoba,-85,Nchezie,-52,Chizele,-77,Mzingo,-83
BIWI,20180529-1900,Nele,-79,Chisoba,-88,Nchezie,-53,Chizele,-78,Mzingo,-84
BIWI,20180529-2001,Nele,-78,Chisoba,-85,Nchezie,-52,Chizele,-78,Mzingo,-83
BIWI,20180529-2101,Mzingo,-82,Nele,-78,Chisoba,-89,Chizele,-77,Nchezie,-52
BIWI,20180529-2201,Mzingo,-83,Nele,-78,Chisoba,-91,Chizele,-76,Nchezie,-52
BIWI,20180529-2301,Nele,-79,Chisoba,-88,Chizele,-78,Nchezie,-53,Mzingo,-84
BIWI,20180530-0001,Nele,-77,Chisoba,-89,Chizele,-77,Nchezie,-53,Mzingo,-83
BIWI,20180530-0102,Nele,-77,Chisoba,-88,Chizele,-77,Nchezie,-52,Mzingo,-82
BIWI,20180530-0201,Nele,-77,Chisoba,-90,Chizele,-77,Nchezie,-51,Mzingo,-82
BIWI,20180530-0300,Nele,-78,Chisoba,-89,Chizele,-77,Nchezie,-53,Mzingo,-83
BIWI,20180530-0801,Nele,-78,Nchezie,-51,Chizele,-75,Chisoba,-87,Mzingo,-83
BIWI,20180530-0901,Nele,-77,Nchezie,-52,Chizele,-76,Chisoba,-87,Mzingo,-83
BIWI,20180530-1000,Nele,-80,Nchezie,-53,Chizele,-79,Mzingo,-85,Chisoba,-89
BIWI,20180530-1101,Nchezie,-52,Chizele,-78,Mzingo,-83,Chisoba,-89
BIWI,20180530-1200,Nchezie,-52,Chizele,-75,Mzingo,-83,Chisoba,-88
BIWI,20180530-1301,Nchezie,-53,Chizele,-77,Mzingo,-84,Chisoba,-90
BIWI,20180530-1401,Nchezie,-54,Chizele,-75,Mzingo,-84,Chisoba,-87
BIWI,20180530-1501,Nchezie,-53,Chizele,-76,Chisoba,-91,Mzingo,-83
BIWI,20180530-1601,Nchezie,-52,Chizele,-73,Chisoba,-89,Mzingo,-82
BIWI,20180530-1701,Nchezie,-52,Chizele,-75,Chisoba,-87,Mzingo,-81
BIWI,20180530-1800,Nchezie,-51,Chizele,-77,Chisoba,-88,Mzingo,-83
BIWI,20180530-1901,Nchezie,-51,Chizele,-78,Chisoba,-87,Mzingo,-83
BIWI,20180530-2000,Nchezie,-52,Chizele,-78,Chisoba,-89,Mzingo,-83
BIWI,20180530-2100,Nchezie,-53,Chizele,-79,Chisoba,-89,Mzingo,-82
BIWI,20180530-2201,Nchezie,-53,Chizele,-78,Chisoba,-91,Mzingo,-82
BIWI,20180530-2300,Nchezie,-54,Chizele,-79,Chisoba,-89,Mzingo,-84
BIWI,20180531-0000,Nchezie,-53,Chizele,-79,Chisoba,-90,Mzingo,-84
BIWI,20180531-0101,Nchezie,-52,Chizele,-79,Chisoba,-89,Mzingo,-83
BIWI,20180531-0200,Nchezie,-52,Chizele,-78,Chisoba,-90,Mzingo,-82
BIWI,20180531-0301,Nchezie,-54,Chizele,-78,Chisoba,-89,Mzingo,-83
BIWI,20180531-0800,Nchezie,-52,Mzingo,-83,Chizele,-79,Chisoba,-89
BIWI,20180531-0901,Nchezie,-53,Mzingo,-84,Chizele,-81,Chisoba,-88
BIWI,20180531-1001,Nchezie,-53,Chizele,-78,Chisoba,-86,Mzingo,-83
BIWI,20180531-1100,Nchezie,-51,Chizele,-75,Chisoba,-91,Mzingo,-84
BIWI,20180531-1201,Nchezie,-53,Chizele,-77,Chisoba,-87,Mzingo,-83
BIWI,20180531-1301,Nchezie,-54,Chizele,-76,Mzingo,-83,Chisoba,-91
BIWI,20180531-1401,Nchezie,-54,Chizele,-77,Chisoba,-89,Mzingo,-83
BIWI,20180531-1500,Nchezie,-54,Chizele,-77,Chisoba,-88,Mzingo,-82
BIWI,20180531-1600,Nchezie,-53,Chizele,-77,Chisoba,-89,Mzingo,-83
BIWI,20180531-1701,Nchezie,-53,Chizele,-76,Chisoba,-89,Mzingo,-82
BIWI,20180531-1801,Nchezie,-53,Chizele,-79,Chisoba,-88,Mzingo,-83
BIWI,20180531-1900,Nchezie,-54,Chizele,-78,Chisoba,-91,Mzingo,-83
BIWI,20180531-2000,Nchezie,-52,Chizele,-77,Chisoba,-88,Mzingo,-82
BIWI,20180531-2100,Nchezie,-52,Chizele,-77,Chisoba,-90,Mzingo,-81
BIWI,20180531-2200,Nchezie,-53,Chizele,-78,Chisoba,-88,Mzingo,-82
BIWI,20180531-2300,Nchezie,-54,Chizele,-78,Chisoba,-92,Mzingo,-83
BIWI,20180601-0001,Nchezie,-53,Chizele,-77,Chisoba,-88,Mzingo,-82
BIWI,20180601-0100,Nchezie,-53,Chizele,-78,Chisoba,-88,Mzingo,-82
BIWI,20180601-0201,Nchezie,-51,Chizele,-76,Mzingo,-82,Chisoba,-88
BIWI,20180601-0301,Nchezie,-52,Chizele,-77,Chisoba,-89,Mzingo,-82
BIWI,20180601-0800,Mzingo,-84,Nchezie,-54,Chisoba,-89,Chizele,-79
BIWI,20180601-0901,Mzingo,-83,Nchezie,-51,Chizele,-79,Chisoba,-88
BIWI,20180601-1000,Mzingo,-83,Nchezie,-54,Chizele,-79,Chisoba,-88
BIWI,20180601-1100,Mzingo,-84,Nchezie,-54,Chizele,-77,Chisoba,-89
BIWI,20180601-1200,Mzingo,-83,Nchezie,-53,Chizele,-77,Chisoba,-91
BIWI,20180601-1300,Mzingo,-83,Nchezie,-55,Chizele,-78,Chisoba,-91
BIWI,20180601-1401,Nchezie,-53,Chizele,-76,Mzingo,-84,Chisoba,-89,Chitawa,-90
BIWI,20180601-1501,Nchezie,-53,Chizele,-76,Mzingo,-82,Chisoba,-88
BIWI,20180601-1600,Nchezie,-53,Chizele,-75,Mzingo,-83,Chisoba,-88
BIWI,20180601-1702,Nchezie,-53,Chizele,-77,Mzingo,-82,Chisoba,-88,Chitawa,-92
BIWI,20180601-1800,Nchezie,-54,Chizele,-78,Mzingo,-84,Chisoba,-89
BIWI,20180601-1901,Nchezie,-54,Chizele,-78,Mzingo,-83,Chisoba,-89
BIWI,20180601-2000,Nchezie,-54,Chizele,-79,Chisoba,-89,Mzingo,-85
BIWI,20180601-2100,Nchezie,-51,Chizele,-77,Chisoba,-86,Mzingo,-81
BIWI,20180601-2202,Nchezie,-53,Chizele,-78,Chisoba,-88,Mzingo,-82
BIWI,20180601-2301,Nchezie,-51,Chizele,-77,Chisoba,-86,Mzingo,-81
BIWI,20180602-0000,Nchezie,-53,Chizele,-77,Chisoba,-90,Mzingo,-82
BIWI,20180602-0801,Nchezie,-52,Mzingo,-82,Chisoba,-88,Chizele,-78
BIWI,20180602-0901,Nchezie,-54,Mzingo,-83,Chizele,-77,Chisoba,-89
BIWI,20180602-1000,Nchezie,-52,Mzingo,-84,Chizele,-76,Chisoba,-90
BIWI,20180602-1101,Nchezie,-54,Chizele,-79,Chisoba,-89,Mzingo,-83
BIWI,20180602-1200,Nchezie,-52,Chizele,-79,Chisoba,-89,Mzingo,-83
BIWI,20180602-1301,Nchezie,-55,Chizele,-77,Chisoba,-86,Mzingo,-85
BIWI,20180602-1401,Nchezie,-53,Chizele,-74,Chisoba,-89,Mzingo,-83
BIWI,20180602-1500,Nchezie,-53,Chizele,-75,Chisoba,-91,Mzingo,-83
BIWI,20180602-1601,Nchezie,-52,Chizele,-75,Chisoba,-87,Mzingo,-83
BIWI,20180602-1700,Nchezie,-53,Chizele,-77,Chisoba,-88,Mzingo,-83
BIWI,20180602-1800,Nchezie,-53,Chizele,-76,Chisoba,-89,Mzingo,-82
BIWI,20180602-1901,Nchezie,-54,Chizele,-78,Chisoba,-88,Mzingo,-82
BIWI,20180602-2001,Nchezie,-55,Chizele,-78,Chisoba,-91,Mzingo,-83
BIWI,20180602-2101,Nchezie,-52,Chizele,-76,Mzingo,-82,Chisoba,-90
BIWI,20180602-2201,Nchezie,-52,Chizele,-73,Mzingo,-80,Chisoba,-92
BIWI,20180602-2301,Nchezie,-53,Chizele,-76,Mzingo,-82,Chisoba,-90
BIWI,20180603-0000,Nchezie,-52,Chizele,-77,Mzingo,-81
BIWI,20180603-0101,Nchezie,-53,Chizele,-77,Mzingo,-82,Chisoba,-92
BIWI,20180603-0800,Mzingo,-84,Nchezie,-53,Chizele,-78,Chisoba,-90
BIWI,20180603-0901,Nchezie,-53,Chizele,-79,Chisoba,-87,Mzingo,-84
BIWI,20180603-1000,Nchezie,-54,Chizele,-79,Chisoba,-90,Mzingo,-83
BIWI,20180603-1100,Nchezie,-51,Chizele,-76,Chisoba,-89,Mzingo,-82
BIWI,20180603-1201,Nchezie,-52,Chizele,-77,Chisoba,-88,Mzingo,-82
BIWI,20180603-1300,Nchezie,-52,Chizele,-77,Chisoba,-88,Mzingo,-83,Chitawa,-90
BIWI,20180603-1401,Nchezie,-53,Chizele,-76,Chisoba,-86,Mzingo,-82
BIWI,20180603-1500,Nchezie,-53,Chizele,-77,Chisoba,-90,Mzingo,-82
BIWI,20180603-1600,Nchezie,-54,Chizele,-75,Chisoba,-89,Mzingo,-82
BIWI,20180603-1700,Nchezie,-52,Chizele,-75,Chisoba,-86,Mzingo,-81
BIWI,20180603-1800,Nchezie,-54,Chizele,-75,Mzingo,-84,Chisoba,-92
BIWI,20180603-1901,Nchezie,-53,Chizele,-76,Mzingo,-82,Chisoba,-90
BIWI,20180603-2001,Nchezie,-52,Chizele,-75,Mzingo,-82,Nele,-77,Chitawa,-93
BIWI,20180603-2101,Nchezie,-54,Chizele,-77,Nele,-78,Mzingo,-83,Chisoba,-91
BIWI,20180603-2201,Nchezie,-52,Chizele,-75,Nele,-77,Mzingo,-81,Chisoba,-92
BIWI,20180603-2301,Nchezie,-51,Chizele,-74,Nele,-77,Mzingo,-81
BIWI,20180604-0000,Nchezie,-51,Chizele,-74,Nele,-77,Mzingo,-81
BIWI,20180604-0100,Nchezie,-53,Chizele,-75,Nele,-78,Mzingo,-81
BIWI,20180604-0201,Nchezie,-53,Chizele,-75,Nele,-78,Mzingo,-81
BIWI,20180604-0301,Nchezie,-52,Chizele,-75,Nele,-77,Mzingo,-82
BIWI,20180604-0400,Nchezie,-53,Chizele,-76,Nele,-78,Mzingo,-82
BIWI,20180604-0801,Nele,-77,Nchezie,-52,Mzingo,-83,Chizele,-74,Chisoba,-88
BIWI,20180604-0900,Nele,-78,Nchezie,-53,Mzingo,-84,Chizele,-76,Chisoba,-92
BIWI,20180604-1001,Nele,-80,Nchezie,-52,Chizele,-76,Chisoba,-87,Mzingo,-83
BIWI,20180604-1101,Nele,-78,Nchezie,-51,Chizele,-75,Chisoba,-89,Mzingo,-82
BIWI,20180604-1200,Nele,-77,Nchezie,-52,Chizele,-75,Mzingo,-81,Chisoba,-88
BIWI,20180604-1300,Nele,-79,Nchezie,-53,Chizele,-79,Mzingo,-83,Chisoba,-89
BIWI,20180604-1400,Nele,-77,Nchezie,-53,Chizele,-75,Mzingo,-83,Chisoba,-89
BIWI,20180604-1501,Nele,-77,Nchezie,-51,Chizele,-73,Chisoba,-89,Mzingo,-81,Kalulu,-90
BIWI,20180604-1601,Nele,-78,Nchezie,-52,Chizele,-73,Chisoba,-87,Kalulu,-90,Mzingo,-82
BIWI,20180604-1700,Nele,-76,Nchezie,-54,Chizele,-72,Chisoba,-87,Kalulu,-89,Mzingo,-80
BIWI,20180604-1800,Nele,-78,Nchezie,-52,Chizele,-74,Kalulu,-92,Mzingo,-81,Chisoba,-90
BIWI,20180604-1900,Nele,-76,Nchezie,-54,Chizele,-74,Mzingo,-82,Kalulu,-91,Chisoba,-90
BIWI,20180604-2001,Nele,-78,Nchezie,-54,Chizele,-74,Mzingo,-82,Kalulu,-92
BIWI,20180604-2101,Nele,-78,Nchezie,-53,Chizele,-74,Mzingo,-81,Kalulu,-91
BIWI,20180604-2201,Nele,-76,Nchezie,-53,Chizele,-73,Mzingo,-81,Kalulu,-89
BIWI,20180604-2300,Nele,-77,Nchezie,-53,Chizele,-73,Mzingo,-81,Kalulu,-90
BIWI,20180605-0001,Nele,-77,Nchezie,-51,Chizele,-73,Kalulu,-91,Mzingo,-81
BIWI,20180605-0100,Nele,-76,Nchezie,-53,Chizele,-74,Kalulu,-90,Mzingo,-81
BIWI,20180605-0201,Nele,-78,Nchezie,-52,Chizele,-74,Kalulu,-90,Mzingo,-81
BIWI,20180605-0300,Nele,-78,Nchezie,-53,Chizele,-75,Mzingo,-81,Kalulu,-90
BIWI,20180605-0800,Nele,-78,Nchezie,-53,Mzingo,-81,Chizele,-79,Chisoba,-90,Kalulu,-91
BIWI,20180605-0901,Nele,-79,Nchezie,-53,Mzingo,-82,Chizele,-79,Chisoba,-89,Kalulu,-90
BIWI,20180605-1000,Nele,-79,Nchezie,-54,Mzingo,-84,Chizele,-79,Chisoba,-88,Kalulu,-91
BIWI,20180605-1101,Nele,-77,Nchezie,-53,Mzingo,-80,Chizele,-75,Chisoba,-86,Kalulu,-89,Chitawa,-91
BIWI,20180605-1200,Nele,-78,Nchezie,-54,Mzingo,-81,Chizele,-76,Chisoba,-87,Kalulu,-91
BIWI,20180605-1300,Nchezie,-52,Mzingo,-79,Chizele,-73,Chisoba,-87,Nele,-77,Kalulu,-91
BIWI,20180605-1401,Nchezie,-53,Mzingo,-82,Chizele,-73,Chisoba,-88,Nele,-77,Kalulu,-92
BIWI,20180605-1500,Nchezie,-53,Mzingo,-80,Chizele,-77,Chisoba,-83,Nele,-78,Kalulu,-92
BIWI,20180605-1600,Nchezie,-53,Mzingo,-80,Chizele,-79,Chisoba,-89,Nele,-77,Kalulu,-91
BIWI,20180605-1701,Nchezie,-52,Mzingo,-81,Chizele,-77,Chisoba,-89,Nele,-77,Kalulu,-89
BIWI,20180605-1801,Nchezie,-52,Mzingo,-80,Chizele,-76,Chisoba,-88,Nele,-77,Kalulu,-92
BIWI,20180605-1900,Nchezie,-53,Mzingo,-80,Chizele,-79,Chisoba,-87,Nele,-78,Kalulu,-91
BIWI,20180605-2000,Nchezie,-54,Mzingo,-82,Chizele,-75,Chisoba,-87,Nele,-78
BIWI,20180605-2101,Nchezie,-52,Mzingo,-80,Chizele,-76,Chisoba,-87,Nele,-78,Kalulu,-89
BIWI,20180606-0701,Nele,-79,Nchezie,-54,Mzingo,-83
BIWI,20180606-0801,Nele,-77,Nchezie,-51,Mzingo,-79,Chizele,-77,Chisoba,-87,Kalulu,-91
BIWI,20180606-0901,Nele,-78,Nchezie,-52,Mzingo,-82,Chizele,-77,Chisoba,-89,Kalulu,-91
BIWI,20180606-1000,Nele,-77,Nchezie,-52,Mzingo,-78,Chizele,-74,Chisoba,-85,Kalulu,-88
BIWI,20180606-1101,Chisoba,-86,Nchezie,-52,Chizele,-75,Mzingo,-81,Nele,-78,Kalulu,-90
BIWI,20180606-1201,Chisoba,-85,Nchezie,-52,Chizele,-77,Mzingo,-81,Nele,-78,Kalulu,-91
BIWI,20180606-1301,Chisoba,-84,Nchezie,-51,Chizele,-75,Mzingo,-82,Nele,-78,Kalulu,-90
BIWI,20180606-1400,Chisoba,-86,Nchezie,-54,Chizele,-77,Mzingo,-81,Nele,-81,Kalulu,-90
BIWI,20180606-1501,Chisoba,-85,Nchezie,-52,Chizele,-76,Nele,-77,Mzingo,-82,Kalulu,-91
BIWI,20180606-1601,Chisoba,-86,Nchezie,-52,Chizele,-76,Nele,-76,Mzingo,-81,Kalulu,-92
BIWI,20180606-1701,Chisoba,-87,Nchezie,-54,Chizele,-77,Nele,-79,Mzingo,-81,Kalulu,-93
BIWI,20180606-1801,Nchezie,-53,Chizele,-73,Nele,-77,Mzingo,-80,Kalulu,-92
BIWI,20180606-1901,Nchezie,-52,Chizele,-74,Nele,-76,Mzingo,-80,Kalulu,-91
BIWI,20180606-2000,Nchezie,-51,Chizele,-74,Nele,-77,Mzingo,-79,Kalulu,-91,Chisoba,-90
BIWI,20180606-2100,Nchezie,-53,Chizele,-76,Nele,-77,Mzingo,-80,Kalulu,-89
BIWI,20180606-2201,Nchezie,-52,Chizele,-76,Nele,-77,Mzingo,-81,Kalulu,-90
BIWI,20180606-2240,Nchezie,-52,Chizele,-76,Nele,-77,Mzingo,-81,Kalulu,-91
BIWI,20180606-2245,Nchezie,-53,Chizele,-75,Nele,-77,Mzingo,-81,Kalulu,-88
BIWI,20180606-2300,Nchezie,-53,Chizele,-76,Nele,-77,Mzingo,-81,Kalulu,-91
BIWI,20180607-0000,Nchezie,-52,Chizele,-75,Nele,-78,Mzingo,-80,Kalulu,-88
BIWI,20180607-0100,Nchezie,-53,Chizele,-77,Nele,-78,Mzingo,-80,Kalulu,-90
BIWI,20180607-0201,Nchezie,-53,Chizele,-75,Nele,-78,Mzingo,-81,Kalulu,-90
BIWI,20180607-0700,Nele,-77,Nchezie,-53,Mzingo,-83,Kalulu,-92
BIWI,20180607-0800,Nele,-80,Nchezie,-53,Mzingo,-83,Chizele,-77,Kalulu,-93,Chisoba,-92
BIWI,20180607-0900,Nele,-80,Nchezie,-52,Mzingo,-82,Chizele,-76,Chisoba,-92,Kalulu,-92
BIWI,20180607-1000,Nele,-80,Nchezie,-54,Chizele,-76,Mzingo,-83,Kalulu,-92
BIWI,20180607-1101,Nele,-79,Nchezie,-53,Chizele,-77,Mzingo,-82,Chisoba,-88
BIWI,20180607-1200,Nele,-79,Nchezie,-54,Chizele,-77,Mzingo,-81,Kalulu,-91,Chisoba,-91
BIWI,20180607-1300,Nele,-79,Nchezie,-55,Chizele,-77,Mzingo,-83,Chisoba,-89,Kalulu,-93
BIWI,20180607-1401,Nele,-78,Nchezie,-53,Chizele,-74,Mzingo,-81,Chisoba,-85,Kalulu,-91
BIWI,20180607-1501,Nele,-78,Nchezie,-52,Chizele,-73,Mzingo,-81,Kalulu,-91,Chisoba,-86
BIWI,20180607-1601,Nele,-76,Nchezie,-52,Chizele,-75,Mzingo,-80,Kalulu,-90,Chisoba,-86
BIWI,20180607-1700,Nele,-76,Nchezie,-53,Chizele,-74,Mzingo,-81,Chisoba,-90,Kalulu,-92
BIWI,20180607-1801,Nele,-76,Nchezie,-52,Chizele,-75,Mzingo,-81,Kalulu,-90
BIWI,20180607-1900,Nele,-76,Nchezie,-53,Chizele,-75,Mzingo,-81,Chisoba,-89,Kalulu,-90
BIWI,20180607-2000,Nele,-76,Nchezie,-52,Chizele,-75,Mzingo,-81,Kalulu,-90,Chisoba,-87
BIWI,20180607-2101,Nele,-78,Nchezie,-54,Chizele,-75,Mzingo,-82,Kalulu,-91
BIWI,20180607-2201,Nele,-77,Nchezie,-52,Chizele,-75,Kalulu,-89,Mzingo,-81
BIWI,20180607-2301,Nele,-78,Nchezie,-54,Chizele,-78,Kalulu,-91,Mzingo,-83
BIWI,20180608-0001,Nele,-77,Nchezie,-52,Chizele,-75,Kalulu,-91,Mzingo,-81
BIWI,20180608-0100,Nele,-78,Nchezie,-52,Chizele,-74,Kalulu,-91,Mzingo,-82
BIWI,20180608-0700,Nchezie,-50,Nele,-75,Mzingo,-80,Kalulu,-89
